Season,Game Type,Team,#,Name,Position,G,PA,AB,BA,OBP,SLG,OPS,R,RBI,H,1B,2B,3B,HR,TB,SB,CS,BB,IBB,K,DP,DB,SH,SF,PlayerID
1966,Regular Season,Sankei Atoms,27,"Negoro, Hiromitsu",C,57,73,72,0.097,0.110,0.111,0.221,0,3,7,6,1,0,0,8,0,0,1,0,10,0,0,0,0,01003804
1966,Regular Season,Nishitetsu Lions,25,"Takakura, Teruyuki",LF,121,428,398,0.279,0.325,0.427,0.752,43,36,111,77,20,3,11,170,7,2,24,3,36,7,3,1,2,01003807
1966,Japan Series,Nankai Hawks,41,"Nakajima, Hiroyuki",RF,6,,12,0.250,,0.500,,,1,3,2,0,0,1,6,0,,3,,2,,,,,01003808
1966,Regular Season,Nankai Hawks,41,"Nakajima, Hiroyuki",RF,86,155,142,0.204,0.266,0.303,0.569,14,5,29,19,8,0,2,43,4,0,12,0,28,1,0,1,0,01003808
1966,Regular Season,Chunichi Dragons,9,"Hishikawa, Akira",LF,3,5,5,0.000,0.000,0.000,0.000,0,0,0,0,0,0,0,0,0,0,0,0,3,0,0,0,0,01003820
1966,Regular Season,Kintetsu Buffaloes,17,"Bando, Satomi",P,6,0,0,0.000,0.000,0.000,0.000,0,0,0,0,0,0,0,0,0,0,0,0,0,0,0,0,0,01003821
1966,Regular Season,Sankei Atoms,4,"Mejias, Roman",PH,30,55,52,0.288,0.302,0.365,0.667,2,4,15,11,4,0,0,19,0,0,0,0,14,0,1,1,1,01003822
1966,Regular Season,Nishitetsu Lions,56,"Suzuki, Goro",1B,65,145,139,0.209,0.241,0.331,0.572,12,7,29,22,1,2,4,46,3,1,5,1,45,0,1,0,0,01003825
1966,Regular Season,Toei Flyers,24,"Nagayasu, Masayuki",P,22,6,5,0.000,0.167,0.000,0.167,0,0,0,0,0,0,0,0,0,0,1,0,1,0,0,0,0,01003829
1966,Regular Season,Taiyo Whales,17,"Akiyama, Noboru",P,34,39,36,0.056,0.081,0.056,0.137,2,1,2,2,0,0,0,2,0,0,1,0,7,0,0,2,0,01103802
1966,Regular Season,Kintetsu Buffaloes,3,"Iko, Teruo",PH,84,83,75,0.307,0.366,0.373,0.739,2,11,23,18,5,0,0,28,0,0,6,0,13,2,1,1,0,01103804
1966,Regular Season,Sankei Atoms,10,"Aso, Saneo",PH,31,36,36,0.139,0.139,0.222,0.361,2,8,5,4,0,0,1,8,0,0,0,0,5,1,0,0,0,01103808
1966,Regular Season,Hiroshima Carp,37,"Inoe, Osamu",PR,15,3,3,0.000,0.000,0.000,0.000,1,0,0,0,0,0,0,0,0,0,0,0,2,0,0,0,0,01103820
1966,Regular Season,Nishitetsu Lions,11,"Inoe, Yoshio",P,29,12,8,0.000,0.000,0.000,0.000,0,1,0,0,0,0,0,0,0,0,0,0,2,0,0,3,1,01103821
1966,Regular Season,Tokyo Orions,26,"Otsuka, Yasuo",PH,18,17,17,0.235,0.235,0.235,0.470,0,0,4,4,0,0,0,4,0,0,0,0,2,0,0,0,0,01103822
1966,Regular Season,Taiyo Whales,34,"Ito, Isao",C,101,256,235,0.226,0.278,0.315,0.593,15,18,53,42,6,0,5,74,1,0,15,5,34,7,2,3,1,01103823
1966,Regular Season,Chunichi Dragons,35,"Mizutani, Michio",P,8,2,2,0.000,0.000,0.000,0.000,0,0,0,0,0,0,0,0,0,0,0,0,1,0,0,0,0,01203820
1966,Regular Season,Sankei Atoms,21,"Moritaki, Yoshimi",P,20,7,7,0.286,0.286,0.571,0.857,0,0,2,1,0,1,0,4,0,0,0,0,3,0,0,0,0,01203821
1966,Regular Season,Chunichi Dragons,4,"Ward, Jay",3B,104,374,344,0.238,0.294,0.427,0.721,41,41,82,47,19,2,14,147,8,4,25,0,52,5,2,2,1,01203822
1966,Regular Season,Kintetsu Buffaloes,29,"Hirai, Seiichi",3B,68,65,61,0.213,0.250,0.246,0.496,3,2,13,11,2,0,0,15,1,1,2,0,12,2,1,0,1,01203829
1966,Regular Season,Tokyo Orions,3,"Enomoto, Kihachi",1B,133,558,476,0.351,0.439,0.571,1.010,81,74,167,111,31,1,24,272,14,6,68,8,20,15,7,1,6,01303800
1966,Regular Season,Taiyo Whales,16,"Oikawa, Nobuji",P,36,24,22,0.091,0.130,0.091,0.221,1,0,2,2,0,0,0,2,0,0,1,0,11,0,0,1,0,01303820
1966,Regular Season,Hiroshima Carp,4,"Sano, Makio",3B,57,113,100,0.210,0.295,0.320,0.615,9,8,21,14,5,0,2,32,1,4,11,0,22,2,1,1,0,01303822
1966,Regular Season,Sankei Atoms,49,"Ishito, Shiroku",P,52,66,52,0.192,0.288,0.231,0.519,4,5,10,8,2,0,0,12,0,0,5,0,17,0,2,6,1,01303825
1966,Regular Season,Hiroshima Carp,36,"Ogawa, Hirofumi",PH,84,164,149,0.221,0.284,0.362,0.646,19,12,33,20,9,0,4,54,1,2,8,0,38,3,5,2,0,01303829
1966,Regular Season,Nishitetsu Lions,44,"Watarai, Sumio",CF,25,11,11,0.182,0.182,0.182,0.364,0,1,2,2,0,0,0,2,0,0,0,0,1,1,0,0,0,01403806
1966,Regular Season,Yomiuri Giants,40,"Miyadera, Katsutoshi",C,16,24,22,0.182,0.250,0.227,0.477,2,0,4,3,1,0,0,5,0,0,2,0,6,0,0,0,0,01403829
1966,Regular Season,Sankei Atoms,32,"Kobuchi, Taisuke",1B,90,228,208,0.274,0.326,0.481,0.807,26,27,57,36,9,2,10,100,5,3,15,0,48,5,1,3,1,01503804
1966,Regular Season,Nishitetsu Lions,26,"Kawai, Yasuhiko",C,70,150,134,0.216,0.271,0.291,0.562,9,7,29,23,4,0,2,39,1,1,9,1,37,2,1,6,0,01503805
1966,Regular Season,Taiyo Whales,26,"Kondo, Kazuhiko",CF,130,538,482,0.301,0.369,0.382,0.751,59,34,145,122,14,2,7,184,14,6,49,6,50,4,3,4,0,01503806
1966,Regular Season,Nishitetsu Lions,5,"Ogi, Akira",2B,36,30,28,0.214,0.241,0.321,0.562,2,2,6,5,0,0,1,9,1,0,1,0,7,0,0,1,0,01503809
1966,Regular Season,Taiyo Whales,1,"Kondo, Akihito",2B,127,416,381,0.252,0.280,0.373,0.653,38,27,96,66,20,4,6,142,16,7,14,0,38,9,1,17,3,01503821
1966,Regular Season,Hiroshima Carp,45,"Shimomura, Eiji",1B,3,0,0,0.000,,0.000,,0,0,0,0,0,0,0,0,0,0,0,0,0,0,0,0,0,01503822
1966,Regular Season,Hiroshima Carp,23,"Urushibata, Katsuhisa",SS,64,87,78,0.218,0.291,0.308,0.599,6,7,17,14,1,0,2,24,0,0,7,0,11,1,1,0,1,01503825
1966,Regular Season,Chunichi Dragons,33,"Shimano, Ikuo",RF,104,141,126,0.238,0.289,0.294,0.583,16,10,30,26,2,1,1,37,7,4,7,0,13,0,2,5,1,01503827
1966,Regular Season,Chunichi Dragons,23,"Kimata, Tatsuhiko",C,126,424,387,0.248,0.302,0.372,0.674,29,41,96,67,19,1,9,144,1,2,26,6,52,8,4,6,1,01503829
1966,Japan Series,Nankai Hawks,19,"Nomura, Katsuya",C,6,,22,0.227,,0.273,,,1,5,4,1,0,0,6,0,,2,,3,,,,,01603809
1966,Regular Season,Nankai Hawks,19,"Nomura, Katsuya",C,133,556,474,0.312,0.409,0.568,0.977,82,97,148,95,19,0,34,269,8,1,71,13,79,12,7,0,4,01603809
1966,Regular Season,Nishitetsu Lions,32,"Hashino, Akinami",PH,4,3,3,0.000,0.000,0.000,0.000,0,0,0,0,0,0,0,0,0,0,0,0,0,0,0,0,0,01603825
1966,Regular Season,Hanshin Tigers,12,"Wada, Toru",C,84,212,197,0.183,0.233,0.315,0.548,15,17,36,25,2,3,6,62,0,2,10,2,56,3,3,2,0,01603829
1966,Regular Season,Yomiuri Giants,31,"Shimada, Yuji",PH,25,25,21,0.190,0.320,0.190,0.510,0,1,4,4,0,0,0,4,0,0,4,0,6,1,0,0,0,01703804
1966,Japan Series,Nankai Hawks,21,"Sugiura, Tadashi",P,3,,1,0.000,,0.000,,,0,0,0,0,0,0,0,0,,0,,0,,,,,01703806
1966,Regular Season,Nankai Hawks,21,"Sugiura, Tadashi",P,28,9,8,0.000,0.000,0.000,0.000,0,0,0,0,0,0,0,0,0,0,0,0,2,0,0,1,0,01703806
1966,Regular Season,Yomiuri Giants,46,"Takahashi, Kazumi",P,19,23,21,0.095,0.136,0.095,0.231,2,0,2,2,0,0,0,2,0,0,1,0,8,0,0,1,0,01703820
1966,Regular Season,Kintetsu Buffaloes,22,"Tabata, Kenjiro",P,1,0,0,0.000,0.000,0.000,0.000,0,0,0,0,0,0,0,0,0,0,0,0,0,0,0,0,0,01703822
1966,Regular Season,Tokyo Orions,32,"Kurataka, Shinji",PH,14,12,12,0.083,0.083,0.083,0.166,0,0,1,1,0,0,0,1,0,0,0,0,1,0,0,0,0,01703825
1966,Regular Season,Toei Flyers,43,"Chonan, Tsuneo",PH,15,13,11,0.000,0.154,0.000,0.154,0,0,0,0,0,0,0,0,0,0,2,0,3,2,0,0,0,01703827
1966,Regular Season,Tokyo Orions,42,"Saito, Yukio",SS,24,22,20,0.150,0.190,0.200,0.390,5,1,3,2,1,0,0,4,0,0,1,0,7,1,0,1,0,01703829
1966,Regular Season,Tokyo Orions,1,"Hatta, Tadashi",2B,115,436,406,0.251,0.286,0.345,0.631,45,26,102,81,9,7,5,140,5,7,19,0,27,0,1,8,2,01803800
1966,Regular Season,Yomiuri Giants,19,"Kubota, Osamu",P,5,11,10,0.300,0.300,0.300,0.600,2,0,3,3,0,0,0,3,1,0,0,0,2,0,0,1,0,01903800
1966,Regular Season,Toei Flyers,3,"Sakazaki, Kazuhiko",PH,70,111,96,0.198,0.294,0.271,0.565,3,11,19,14,4,0,1,26,0,0,11,1,26,2,2,1,1,01903802
1966,Regular Season,Tokyo Orions,28,"Tokaji, Masao",PH,13,9,9,0.000,0.000,0.000,0.000,0,0,0,0,0,0,0,0,0,1,0,0,4,0,0,0,0,01903806
1966,Regular Season,Sankei Atoms,56,"Nakajima, Setsuo",1B,43,86,80,0.150,0.209,0.225,0.434,8,3,12,9,1,1,1,18,0,0,3,0,12,1,3,0,0,01903820
1966,Regular Season,Sankei Atoms,46,"Hamaguchi, Masanobu",P,3,0,0,0.000,,0.000,,0,0,0,0,0,0,0,0,0,0,0,0,0,0,0,0,0,01903822
1966,Regular Season,Chunichi Dragons,39,"Takagi, Kazumi",RF,3,0,0,0.000,,0.000,,0,0,0,0,0,0,0,0,0,0,0,0,0,0,0,0,0,01903823
1966,Regular Season,Yomiuri Giants,62,"Saito, Masahiro",RF,1,0,0,0.000,,0.000,,0,0,0,0,0,0,0,0,0,0,0,0,0,0,0,0,0,01903825
1966,Regular Season,Nishitetsu Lions,7,"Baumer, Jim",2B,134,533,480,0.260,0.326,0.452,0.778,57,53,125,79,23,0,23,217,4,2,39,1,77,10,8,6,0,01903827
1966,Regular Season,Taiyo Whales,11,"Takahashi, Shigeyuki",P,34,35,29,0.034,0.034,0.138,0.172,1,3,1,0,0,0,1,4,0,0,0,0,11,3,0,5,1,01903829
1966,Regular Season,Kintetsu Buffaloes,13,"Yasui, Toshinori",SS,102,307,282,0.216,0.258,0.294,0.552,25,10,61,44,13,3,1,83,8,6,12,0,29,4,4,9,0,03103825
1966,Regular Season,Hiroshima Carp,31,"Yokomizo, Katsura",1B,108,359,329,0.255,0.310,0.295,0.605,32,27,84,75,7,0,2,97,3,7,23,1,39,4,3,3,1,03703800
1966,Regular Season,Sankei Atoms,18,"Tatsumi, Hajimu",P,38,18,17,0.118,0.167,0.176,0.343,1,1,2,1,1,0,0,3,0,0,1,0,5,0,0,0,0,11013808
1966,Regular Season,Hanshin Tigers,38,"Noda, Masanori",PR,16,6,6,0.500,0.500,1.000,1.500,2,1,3,2,0,0,1,6,0,1,0,0,2,0,0,0,0,11013820
1966,Regular Season,Hankyu Braves,55,"Fukashiro, Yoshifumi",P,1,1,1,1.000,1.000,1.000,2.000,0,0,1,1,0,0,0,1,0,0,0,0,0,0,0,0,0,11013822
1966,Japan Series,Yomiuri Giants,12,"Shibata, Isao",CF,6,,23,0.565,,0.870,,,7,13,10,1,0,2,20,2,,5,,2,,,,,11013825
1966,Regular Season,Yomiuri Giants,12,"Shibata, Isao",CF,114,481,406,0.251,0.360,0.352,0.712,72,25,102,78,14,3,7,143,46,13,65,0,66,4,4,5,1,11013825
1966,Regular Season,Hankyu Braves,8,"Hayase, Masayoshi",RF,113,371,341,0.235,0.291,0.364,0.655,28,34,80,57,12,1,10,124,3,1,23,0,48,6,4,2,1,11013827
1966,Regular Season,Chunichi Dragons,36,"Chihara, Yozaburo",1B,36,46,44,0.182,0.217,0.273,0.490,3,3,8,5,2,1,0,12,1,2,2,0,10,0,0,0,0,11013829
1966,Regular Season,Chunichi Dragons,22,"Makita, Masahiko",P,5,0,0,0.000,,0.000,,0,0,0,0,0,0,0,0,0,0,0,0,0,0,0,0,0,11213806
1966,Regular Season,Hankyu Braves,24,"Toguchi, Takatsugu",PH,14,14,14,0.071,0.071,0.071,0.142,0,0,1,1,0,0,0,1,0,0,0,0,2,2,0,0,0,11213807
1966,Regular Season,Hiroshima Carp,42,"Yamamoto, Fumio",1B,3,0,0,0.000,,0.000,,0,0,0,0,0,0,0,0,0,0,0,0,0,0,0,0,0,11213822
1966,Regular Season,Hiroshima Carp,41,"Takaoka, Shigeki",PH,20,19,17,0.176,0.263,0.176,0.439,1,0,3,3,0,0,0,3,0,0,2,0,3,0,0,0,0,11213825
1966,Regular Season,Hankyu Braves,35,"Yanagawa, Ikuo",PR,4,1,1,0.000,0.000,0.000,0.000,0,0,0,0,0,0,0,0,1,0,0,0,0,0,0,0,0,11213827
1966,Regular Season,Nishitetsu Lions,1,"Ito, Koshiro",RF,105,301,257,0.230,0.336,0.366,0.702,24,32,59,37,15,1,6,94,3,5,39,3,40,2,2,1,2,11313802
1966,Regular Season,Kintetsu Buffaloes,69,"Iwaki, Yasuro",C,11,6,5,0.000,0.167,0.000,0.167,0,1,0,0,0,0,0,0,0,0,0,0,2,0,1,0,0,11313820
1966,Regular Season,Tokyo Orions,20,"Kitaru, Masaaki",P,21,27,25,0.280,0.333,0.520,0.853,2,3,7,4,1,1,1,13,0,0,1,0,3,0,1,0,0,11313822
1966,Regular Season,Yomiuri Giants,41,"Ikezawa, Yoshiyuki",PH,43,43,34,0.118,0.302,0.147,0.449,0,4,4,3,1,0,0,5,0,0,8,0,6,1,1,0,0,11313825
1966,Regular Season,Sankei Atoms,19,"Okamoto, Yoshitaka",C,121,332,313,0.208,0.242,0.262,0.504,9,21,65,52,11,0,2,82,2,6,10,3,28,9,4,4,1,11313827
1966,Regular Season,Sankei Atoms,26,"Ishioka, Kozo",P,33,30,30,0.133,0.133,0.200,0.333,2,0,4,3,0,1,0,6,0,0,0,0,9,0,0,0,0,11313829
1966,Regular Season,Sankei Atoms,16,"Nishioka, Seikichi",2B,10,17,16,0.000,0.059,0.000,0.059,0,1,0,0,0,0,0,0,0,0,0,0,2,0,1,0,0,11413802
1966,Regular Season,Chunichi Dragons,27,"Mizutani, Hisanobu",P,38,61,58,0.138,0.138,0.172,0.310,3,1,8,6,2,0,0,10,0,0,0,0,15,1,0,3,0,11413808
1966,Regular Season,Toei Flyers,18,"Yamazaki, Takeaki",CF,2,0,0,0.000,0.000,0.000,0.000,0,0,0,0,0,0,0,0,0,0,0,0,0,0,0,0,0,11413820
1966,Regular Season,Taiyo Whales,58,"Watanabe, Masayoshi",RF,10,0,0,0.000,,0.000,,0,0,0,0,0,0,0,0,0,0,0,0,0,0,0,0,0,11413827
1966,Regular Season,Yomiuri Giants,66,"Hotta, Akira",LF,11,15,11,0.182,0.357,0.182,0.539,1,0,2,2,0,0,0,2,0,0,3,0,3,0,0,1,0,11413829
1966,Regular Season,Taiyo Whales,27,"Ono, Shoichi",P,42,31,28,0.143,0.172,0.143,0.315,1,3,4,4,0,0,0,4,0,0,1,0,9,0,0,2,0,11513802
1966,Regular Season,Taiyo Whales,23,"Kuroki, Motoyasu",RF,97,243,223,0.206,0.263,0.354,0.617,24,22,46,33,3,0,10,79,2,3,14,0,39,6,3,2,1,11513821
1966,Regular Season,Sankei Atoms,15,"Jackson, Lou",CF,97,385,346,0.254,0.328,0.477,0.805,39,43,88,54,11,3,20,165,11,8,32,7,62,3,6,0,1,11513822
1966,Regular Season,Taiyo Whales,52,"Kusaka, Masakatsu",LF,38,63,59,0.186,0.238,0.305,0.543,9,4,11,6,4,0,1,18,1,1,4,0,10,1,0,0,0,11513827
1966,Regular Season,Tokyo Orions,7,"Yato, Takao",PH,77,116,110,0.264,0.277,0.336,0.613,8,5,29,23,5,0,1,37,1,0,2,0,13,2,0,3,1,11613804
1966,Regular Season,Hankyu Braves,23,"Yano, Kiyoshi",PH,9,10,9,0.111,0.200,0.111,0.311,0,0,1,1,0,0,0,1,0,0,1,1,4,0,0,0,0,11613823
1966,Regular Season,Tokyo Orions,21,"Nishida, Takayuki",CF,107,240,212,0.231,0.321,0.278,0.599,31,7,49,42,5,1,1,59,15,3,18,0,24,4,10,0,0,11613825
1966,Japan Series,Yomiuri Giants,38,"Suetsugu, Toshimitsu",LF,4,,12,0.250,,0.333,,,1,3,2,1,0,0,4,0,,0,,1,,,,,11713820
1966,Regular Season,Yomiuri Giants,38,"Suetsugu, Toshimitsu",LF,76,178,166,0.235,0.262,0.380,0.642,15,18,39,26,5,5,3,63,6,1,6,0,24,4,0,4,2,11713820
1966,Regular Season,Chunichi Dragons,54,"Sugi, Narihide",PR,2,0,0,0.000,,0.000,,0,0,0,0,0,0,0,0,0,0,0,0,0,0,0,0,0,11713822
1966,Regular Season,Kintetsu Buffaloes,24,"Kodama, Hiroyoshi",C,88,165,159,0.182,0.212,0.239,0.451,5,8,29,23,4,1,1,38,2,3,6,0,28,2,0,0,0,11713823
1966,Regular Season,Toei Flyers,47,"Tanaka, Mitsugu",P,52,53,45,0.111,0.149,0.111,0.260,4,2,5,5,0,0,0,5,0,0,1,0,8,1,1,6,0,11713827
1966,Japan Series,Nankai Hawks,36,"Goda, Eizo",P,3,,2,0.000,,0.000,,,0,0,0,0,0,0,0,0,,0,,2,,,,,11713829
1966,Regular Season,Nankai Hawks,36,"Goda, Eizo",P,34,29,28,0.250,0.250,0.321,0.571,1,3,7,5,2,0,0,9,0,0,0,0,8,0,0,1,0,11713829
1966,Regular Season,Nishitetsu Lions,28,"Funada, Kazuhide",SS,135,484,427,0.222,0.267,0.349,0.616,41,43,95,70,10,1,14,149,19,8,21,0,73,8,5,27,4,11813825
1966,Regular Season,Tokyo Orions,24,"Daigo, Takeo",C,134,497,464,0.213,0.255,0.289,0.544,32,45,99,79,11,3,6,134,8,7,24,2,60,8,2,4,3,11913804
1966,Regular Season,Hiroshima Carp,3,"Teraoka, Takashi",PH,56,82,80,0.175,0.195,0.288,0.483,6,8,14,9,3,0,2,23,1,0,2,0,19,3,0,0,0,11913820
1966,Regular Season,Chunichi Dragons,18,"Toyonaga, Ryusei",P,1,0,0,0.000,,0.000,,0,0,0,0,0,0,0,0,0,0,0,0,0,0,0,0,0,11913822
1966,Regular Season,Toei Flyers,20,"Miyazaki, Shoji",P,5,1,1,0.000,0.000,0.000,0.000,0,0,0,0,0,0,0,0,0,0,0,0,1,0,0,0,0,13113825
1966,Regular Season,Tokyo Orions,27,"Yoshida, Eiji",PR,32,6,6,0.167,0.167,0.167,0.334,8,0,1,1,0,0,0,1,3,1,0,0,1,0,0,0,0,13313825
1966,Regular Season,Toei Flyers,16,"Yamamoto, Yoshiji",P,32,2,2,0.000,0.000,0.000,0.000,0,0,0,0,0,0,0,0,0,0,0,0,1,0,0,0,0,13513809
1966,Regular Season,Taiyo Whales,46,"Hiraoka, Ichiro",P,37,11,9,0.111,0.200,0.111,0.311,0,0,1,1,0,0,0,1,0,1,1,0,1,0,0,1,0,21023820
1966,Japan Series,Nankai Hawks,26,"Bloomfield, Jack",2B,6,,17,0.118,,0.118,,,0,2,2,0,0,0,2,0,,1,,3,,,,,21023821
1966,Regular Season,Nankai Hawks,26,"Bloomfield, Jack",2B,113,408,350,0.294,0.379,0.403,0.782,50,33,103,79,16,2,6,141,2,1,43,0,49,10,5,6,4,21023821
1966,Regular Season,Nankai Hawks,27,"Maki, Kenjiro",P,5,2,2,0.000,0.000,0.000,0.000,0,0,0,0,0,0,0,0,0,0,0,0,2,0,0,0,0,21023822
1966,Regular Season,Hankyu Braves,30,"Sumiyoshi, Shigenobu",C,18,4,4,0.250,0.250,0.250,0.500,2,1,1,1,0,0,0,1,0,0,0,0,1,0,0,0,0,21023825
1966,Regular Season,Hanshin Tigers,32,"Ikeda, Junichi",CF,52,84,78,0.128,0.190,0.192,0.382,1,2,10,7,2,0,1,15,0,2,6,1,25,3,0,0,0,21123820
1966,Regular Season,Hankyu Braves,6,"Ishii, Akira",1B,134,508,458,0.234,0.295,0.365,0.660,49,57,107,69,26,2,10,167,6,8,36,2,74,10,4,3,7,21123821
1966,Regular Season,Nishitetsu Lions,49,"Kaneko, Junichi",P,1,0,0,0.000,0.000,0.000,0.000,0,0,0,0,0,0,0,0,0,0,0,0,0,0,0,0,0,21123822
1966,Regular Season,Yomiuri Giants,25,"Aiba, Yoshihiro",RF,46,88,84,0.167,0.195,0.226,0.421,5,4,14,9,5,0,0,19,1,2,3,0,16,1,0,1,0,21123825
1966,Regular Season,Hankyu Braves,31,"Fukuzuka, Katsuya",C,82,151,145,0.207,0.228,0.241,0.469,12,8,30,26,3,1,0,35,1,0,4,0,14,5,0,2,0,21223804
1966,Regular Season,Tokyo Orions,5,"Maeda, Masuho",3B,134,504,452,0.250,0.315,0.385,0.700,54,40,113,80,18,2,13,174,11,7,43,0,69,9,0,7,2,21223808
1966,Japan Series,Nankai Hawks,11,"Morinaka, Chikara",P,1,,0,0.000,,0.000,,,0,0,0,0,0,0,0,0,,0,,0,,,,,21223821
1966,Regular Season,Nankai Hawks,11,"Morinaka, Chikara",P,36,31,26,0.115,0.115,0.231,0.346,0,1,3,1,1,1,0,6,0,0,0,0,10,0,0,5,0,21223821
1966,Regular Season,Tokyo Orions,45,"Tsujino, Kinya",P,8,1,1,0.000,0.000,0.000,0.000,0,0,0,0,0,0,0,0,0,0,0,0,1,0,0,0,0,21223825
1966,Regular Season,Taiyo Whales,36,"Oishi, Katsuhiko",PR,9,2,2,0.000,0.000,0.000,0.000,1,0,0,0,0,0,0,0,1,0,0,0,2,0,0,0,0,21323820
1966,Regular Season,Nishitetsu Lions,33,"Kanbara, Takahiko",CF,5,2,2,0.500,0.500,0.500,1.000,0,0,1,1,0,0,0,1,0,0,0,0,0,0,0,0,0,21323821
1966,Regular Season,Yomiuri Giants,44,"Saishiyo, Toshiro",RF,5,7,7,0.143,0.143,0.286,0.429,0,0,1,0,1,0,0,2,0,0,0,0,3,0,0,0,0,21323822
1966,Regular Season,Hanshin Tigers,37,"Ota, Koichi",P,9,0,0,0.000,,0.000,,0,0,0,0,0,0,0,0,0,0,0,0,0,0,0,0,0,21323823
1966,Regular Season,Kintetsu Buffaloes,28,"Krsnich, Mike",3B,123,423,393,0.277,0.322,0.466,0.788,41,47,109,69,23,0,17,183,4,1,25,3,79,8,1,1,3,21323827
1966,Regular Season,Hiroshima Carp,47,"Watanabe, Sumio",RF,12,0,0,0.000,,0.000,,0,0,0,0,0,0,0,0,0,0,0,0,0,0,0,0,0,21423820
1966,Regular Season,Sankei Atoms,35,"Muto, Shiro",1B,83,165,151,0.199,0.244,0.318,0.562,11,15,30,21,3,3,3,48,2,1,7,1,23,7,2,4,1,21423829
1966,Regular Season,Hanshin Tigers,35,"Koketsu, Hirotoshi",P,5,1,1,1.000,1.000,1.000,2.000,0,1,1,1,0,0,0,1,0,0,0,0,0,0,0,0,0,21523820
1966,Regular Season,Hiroshima Carp,13,"Shiraishi, Shizuo",P,25,9,9,0.333,0.333,0.333,0.666,0,2,3,3,0,0,0,3,0,0,0,0,3,0,0,0,0,21523822
1966,Regular Season,Tokyo Orions,15,"Kurimoto, Mitsuaki",P,9,0,0,0.000,0.000,0.000,0.000,0,0,0,0,0,0,0,0,0,0,0,0,0,0,0,0,0,21523823
1966,Regular Season,Toei Flyers,19,"Ozaki, Yukio",P,66,101,84,0.083,0.154,0.107,0.261,1,7,7,5,2,0,0,9,0,0,7,0,24,2,0,10,0,21523825
1966,Japan Series,Nankai Hawks,6,"Kunisada, Yasuhiro",3B,6,,20,0.200,,0.350,,,2,4,3,0,0,1,7,0,,1,,2,,,,,21523829
1966,Regular Season,Nankai Hawks,6,"Kunisada, Yasuhiro",3B,130,475,436,0.264,0.321,0.362,0.683,49,39,115,89,16,3,7,158,6,3,34,4,44,6,3,0,2,21523829
1966,Japan Series,Yomiuri Giants,8,"Yoshida, Katsutoyo",CF,1,,1,0.000,,0.000,,,0,0,0,0,0,0,0,0,,0,,0,,,,,21623804
1966,Regular Season,Yomiuri Giants,8,"Yoshida, Katsutoyo",CF,78,183,164,0.207,0.274,0.268,0.542,13,12,34,27,5,1,1,44,1,2,12,1,31,4,3,3,1,21623804
1966,Regular Season,Taiyo Whales,35,"Hayashi, Kenzo",PH,88,195,180,0.200,0.238,0.428,0.666,25,22,36,19,5,0,12,77,4,6,7,0,37,2,2,6,0,21623825
1966,Regular Season,Sankei Atoms,52,"Watanabe, Kazushi",P,4,0,0,0.000,,0.000,,0,0,0,0,0,0,0,0,0,0,0,0,0,0,0,0,0,21623829
1966,Regular Season,Tokyo Orions,16,"Suzuki, Takashi",P,35,20,18,0.167,0.167,0.222,0.389,0,0,3,2,1,0,0,4,0,0,0,0,5,1,0,2,0,21723806
1966,Japan Series,Nankai Hawks,25,"Takahashi, Hiroshi",LF,6,,0,0.000,,0.000,,,0,0,0,0,0,0,0,0,,0,,0,,,,,21723820
1966,Regular Season,Nankai Hawks,25,"Takahashi, Hiroshi",LF,31,3,3,0.333,0.333,0.333,0.666,0,1,1,1,0,0,0,1,0,0,0,0,1,0,0,0,0,21723820
1966,Japan Series,Nankai Hawks,14,"Suzuki, Tadashi",3B,4,,4,0.000,,0.000,,,0,0,0,0,0,0,0,0,,0,,1,,,,,21723821
1966,Regular Season,Nankai Hawks,14,"Suzuki, Tadashi",3B,43,67,61,0.164,0.190,0.164,0.354,3,2,10,10,0,0,0,10,0,0,2,0,13,0,0,4,0,21723821
1966,Regular Season,Hankyu Braves,44,"Takai, Yasuhiro",PH,12,12,12,0.083,0.083,0.083,0.166,1,0,1,1,0,0,0,1,0,0,0,0,2,2,0,0,0,21723822
1966,Regular Season,Nankai Hawks,9,"Koizumi, Tsuneyoshi",1B,17,10,10,0.100,0.100,0.100,0.200,0,0,1,1,0,0,0,1,0,0,0,0,2,0,0,0,0,21723825
1966,Regular Season,Hanshin Tigers,44,"Tsuji, Yasuhiko",C,19,26,25,0.040,0.077,0.080,0.157,0,0,1,0,1,0,0,2,0,0,0,0,10,2,1,0,0,21723827
1966,Regular Season,Toei Flyers,33,"Busujima, Shoichi",RF,125,500,456,0.298,0.350,0.423,0.773,58,44,136,102,18,9,7,193,10,2,30,1,32,6,6,5,3,21823809
1966,Japan Series,Yomiuri Giants,36,"Kunimatsu, Akira",RF,6,,20,0.100,,0.250,,,0,2,0,1,1,0,5,0,,2,,2,,,,,21923800
1966,Regular Season,Yomiuri Giants,36,"Kunimatsu, Akira",RF,116,426,379,0.272,0.320,0.375,0.695,40,44,103,79,15,3,6,142,12,8,26,1,26,6,1,15,5,21923800
1966,Regular Season,Hankyu Braves,10,"Nakata, Yoshihiro",RF,113,318,290,0.245,0.294,0.403,0.697,28,38,71,46,14,1,10,117,2,0,17,0,40,4,3,4,4,21923804
1966,Regular Season,Nishitetsu Lions,16,"Hamamura, Takashi",SS,13,10,9,0.000,0.000,0.000,0.000,1,0,0,0,0,0,0,0,0,0,0,0,2,0,0,1,0,21923822
1966,Regular Season,Chunichi Dragons,31,"Takagi, Tokio",PH,10,9,9,0.000,0.000,0.000,0.000,0,0,0,0,0,0,0,0,0,0,0,0,2,0,0,0,0,21923823
1966,Regular Season,Taiyo Whales,56,"Takayama, Isao",LF,4,0,0,0.000,,0.000,,0,0,0,0,0,0,0,0,0,0,0,0,0,0,0,0,0,21923829
1966,Regular Season,Taiyo Whales,54,"Yamada, Tadao",C,11,5,5,0.200,0.200,0.200,0.400,0,0,1,1,0,0,0,1,0,0,0,0,0,0,0,0,0,23123825
1966,Regular Season,Nishitetsu Lions,12,"Wada, Hiromi",C,113,386,360,0.233,0.266,0.336,0.602,24,32,84,63,11,4,6,121,7,8,15,0,60,5,1,9,1,23723800
1966,Regular Season,Hanshin Tigers,7,"Namiki, Teruo",CF,93,247,230,0.235,0.285,0.296,0.581,16,17,54,45,6,1,2,68,3,1,12,1,26,2,4,1,0,31033804
1966,Regular Season,Hankyu Braves,12,"Kono, Akiteru",PH,54,95,83,0.193,0.287,0.193,0.480,6,3,16,16,0,0,0,16,2,1,11,0,9,0,0,1,0,31033809
1966,Regular Season,Hankyu Braves,56,"Norose, Yoshiaki",RF,1,0,0,0.000,0.000,0.000,0.000,0,0,0,0,0,0,0,0,0,0,0,0,0,0,0,0,0,31033820
1966,Regular Season,Hanshin Tigers,6,"Fujita, Taira",3B,68,166,153,0.235,0.278,0.327,0.605,9,13,36,26,7,2,1,50,1,3,9,0,28,0,0,4,0,31033822
1966,Regular Season,Sankei Atoms,24,"Shibutani, Seiji",P,34,47,45,0.156,0.156,0.156,0.312,1,2,7,7,0,0,0,7,0,0,0,0,15,2,0,2,0,31033825
1966,Japan Series,Nankai Hawks,28,"Hayashi, Toshihiro",P,1,,0,0.000,,0.000,,,0,0,0,0,0,0,0,0,,0,,0,,,,,31033827
1966,Regular Season,Nankai Hawks,28,"Hayashi, Toshihiro",P,4,2,2,0.000,0.000,0.000,0.000,0,0,0,0,0,0,0,0,0,0,0,0,0,1,0,0,0,31033827
1966,Regular Season,Toei Flyers,31,"Ando, Junzo",C,21,11,11,0.182,0.182,0.455,0.637,1,2,2,0,1,1,0,5,0,0,0,0,4,1,0,0,0,31133809
1966,Regular Season,Taiyo Whales,29,"Abe, Narihiro",C,1,0,0,0.000,,0.000,,0,0,0,0,0,0,0,0,0,0,0,0,0,0,0,0,0,31133820
1966,Regular Season,Chunichi Dragons,50,"Aikawa, Susumu",2B,7,15,15,0.200,0.200,0.400,0.600,1,2,3,2,0,0,1,6,0,1,0,0,3,0,0,0,0,31133822
1966,Regular Season,Nishitetsu Lions,10,"Agcaoili, Francis",1B,115,383,338,0.234,0.315,0.370,0.685,28,30,79,55,13,0,11,125,0,3,37,2,58,2,3,0,5,31133825
1966,Regular Season,Taiyo Whales,3,"Aspromonte, Ken",SS,116,396,373,0.276,0.311,0.418,0.729,34,40,103,72,20,0,11,156,1,1,17,1,32,11,2,1,3,31133829
1966,Regular Season,Nishitetsu Lions,6,"Nakanishi, Futoshi",PH,51,55,51,0.275,0.315,0.667,0.982,6,15,14,6,2,0,6,34,1,0,3,2,9,0,0,0,1,31233805
1966,Regular Season,Sankei Atoms,7,"Toyoda, Yasumitsu",1B,24,82,69,0.145,0.280,0.246,0.526,5,4,10,7,1,0,2,17,0,0,13,0,19,3,0,0,0,31233807
1966,Regular Season,Toei Flyers,10,"Harimoto, Isao",LF,122,493,443,0.330,0.391,0.558,0.949,67,90,146,103,13,2,28,247,10,6,43,12,31,4,2,0,5,31233808
1966,Regular Season,Sankei Atoms,38,"Hosoda, Masahiko",P,4,1,1,0.000,0.000,0.000,0.000,0,0,0,0,0,0,0,0,0,0,0,0,0,0,0,0,0,31233820
1966,Regular Season,Hiroshima Carp,44,"Yamamoto, Shinichi",PH,5,4,4,0.000,0.000,0.000,0.000,0,0,0,0,0,0,0,0,0,0,0,0,3,1,0,0,0,31233822
1966,Regular Season,Hanshin Tigers,21,"Yamao, Takao",CF,43,52,49,0.061,0.115,0.122,0.237,3,1,3,2,0,0,1,6,1,0,3,1,18,0,0,0,0,31233827
1966,Regular Season,Tokyo Orions,22,"Palys, Stan",LF,113,423,395,0.263,0.300,0.443,0.743,41,69,104,70,15,1,18,175,3,0,20,0,46,17,1,3,4,31233829
1966,Regular Season,Hiroshima Carp,6,"Imazu, Mitsuo",SS,116,340,313,0.227,0.264,0.288,0.552,30,17,71,56,12,2,1,90,9,4,13,0,35,10,3,11,0,31333806
1966,Regular Season,Kintetsu Buffaloes,54,"Kimura, Takaomi",PH,3,3,3,0.333,0.333,0.333,0.666,0,0,1,1,0,0,0,1,0,0,0,0,0,0,0,0,0,31333822
1966,Regular Season,Hiroshima Carp,11,"Ikeda, Hidetoshi",P,45,97,86,0.174,0.228,0.221,0.449,8,5,15,13,1,0,1,19,0,0,6,0,7,2,0,5,0,31333825
1966,Regular Season,Taiyo Whales,55,"Mine, Kuniyasu",P,12,1,1,0.000,0.000,0.000,0.000,0,0,0,0,0,0,0,0,0,0,0,0,1,0,0,0,0,31433808
1966,Regular Season,Tokyo Orions,2,"Yamazaki, Hiroyuki",SS,28,69,65,0.123,0.162,0.123,0.285,1,2,8,8,0,0,0,8,0,0,3,0,11,4,0,0,1,31433820
1966,Regular Season,Hiroshima Carp,21,"Ryu, Kenichi",P,56,70,64,0.219,0.231,0.219,0.450,6,1,14,14,0,0,0,14,0,0,1,0,6,0,0,5,0,31433821
1966,Regular Season,Hiroshima Carp,8,"Owada, Akira",CF,104,421,389,0.254,0.303,0.406,0.709,41,30,99,69,14,3,13,158,1,4,25,2,37,12,2,4,1,31533800
1966,Regular Season,Kintetsu Buffaloes,7,"Kimura, Gunji",SS,95,241,229,0.162,0.197,0.223,0.420,15,9,37,28,6,1,2,51,1,1,9,0,38,4,1,2,0,31533804
1966,Regular Season,Hankyu Braves,29,"Okamura, Koji",C,105,290,258,0.229,0.307,0.291,0.598,16,19,59,49,7,0,3,75,3,1,26,0,69,4,3,1,2,31533808
1966,Regular Season,Kintetsu Buffaloes,47,"Kawauchi, Yasuo",P,2,1,1,0.000,0.000,0.000,0.000,0,0,0,0,0,0,0,0,0,0,0,0,0,0,0,0,0,31533820
1966,Regular Season,Toei Flyers,44,"Kurosaki, Takeshi",LF,78,18,17,0.176,0.222,0.235,0.457,8,0,3,2,1,0,0,4,0,1,1,0,4,0,0,0,0,31533821
1966,Regular Season,Hanshin Tigers,48,"Shiiki, Takaaki",P,2,0,0,0.000,,0.000,,0,0,0,0,0,0,0,0,0,0,0,0,0,0,0,0,0,31533822
1966,Regular Season,Toei Flyers,2,"Iwashita, Koichi",PH,12,22,20,0.200,0.238,0.200,0.438,0,0,4,4,0,0,0,4,0,0,1,0,2,0,0,1,0,31533825
1966,Regular Season,Hankyu Braves,2,"Yamamoto, Koji",CF,106,158,140,0.257,0.307,0.336,0.643,32,10,36,28,6,1,1,47,32,11,7,0,28,2,3,8,0,31633829
1966,Regular Season,Chunichi Dragons,5,"Katsuragi, Takao",RF,123,411,391,0.274,0.300,0.394,0.694,43,54,107,77,21,1,8,154,2,3,13,2,24,7,2,3,2,31733800
1966,Regular Season,Hanshin Tigers,43,"Sugimoto, Ikuo",P,1,0,0,0.000,,0.000,,0,0,0,0,0,0,0,0,0,0,0,0,0,0,0,0,0,31733820
1966,Regular Season,Toei Flyers,45,"Saga, Kenshiro",P,48,89,87,0.115,0.115,0.115,0.230,2,1,10,10,0,0,0,10,0,0,0,0,26,0,0,2,0,31733821
1966,Regular Season,Kintetsu Buffaloes,1,"Suzuki, Keishi",P,47,61,57,0.088,0.119,0.123,0.242,1,4,5,4,0,1,0,7,0,0,2,0,16,1,0,2,0,31733822
1966,Regular Season,Chunichi Dragons,20,"Gondo, Hiroshi",SS,74,198,179,0.179,0.238,0.246,0.484,17,7,32,23,7,1,1,44,2,5,12,0,28,0,2,4,1,31733823
1966,Regular Season,Chunichi Dragons,24,"Kadoka, Nobuyuki",P,14,4,4,0.250,0.250,0.250,0.500,0,0,1,1,0,0,0,1,0,0,0,0,2,0,0,0,0,31733825
1966,Regular Season,Kintetsu Buffaloes,64,"Tanabe, Osamu",P,29,36,36,0.167,0.167,0.194,0.361,0,4,6,5,1,0,0,7,0,0,0,0,11,0,0,0,0,31733827
1966,Regular Season,Toei Flyers,13,"Korehisa, Yukihiko",3B,73,76,67,0.224,0.307,0.299,0.606,5,5,15,11,3,1,0,20,1,0,7,0,8,2,1,1,0,31733829
1966,Regular Season,Chunichi Dragons,40,"Homoto, Hideaki",PH,81,109,97,0.258,0.321,0.268,0.589,4,7,25,24,1,0,0,26,0,0,9,1,6,4,0,2,1,31833802
1966,Regular Season,Hanshin Tigers,23,"Yoshida, Yoshio",SS,103,378,335,0.263,0.323,0.328,0.651,39,20,88,73,10,3,2,110,10,9,23,1,16,6,7,11,2,31833807
1966,Japan Series,Nankai Hawks,8,"Horigome, Motoaki",LF,4,,16,0.125,,0.375,,,2,2,0,1,0,1,6,0,,0,,2,,,,,31833825
1966,Regular Season,Nankai Hawks,8,"Horigome, Motoaki",LF,128,438,414,0.227,0.261,0.343,0.604,38,40,94,67,15,3,9,142,9,9,17,1,58,3,2,3,2,31833825
1966,Regular Season,Tokyo Orions,47,"Koyama, Masaaki",P,51,103,89,0.213,0.222,0.236,0.458,5,3,19,17,2,0,0,21,0,0,1,0,22,1,0,13,0,31933807
1966,Regular Season,Tokyo Orions,12,"Sakai, Katsuji",P,35,65,56,0.161,0.230,0.196,0.426,1,1,9,7,2,0,0,11,0,1,5,0,21,0,0,4,0,31933808
1966,Regular Season,Kintetsu Buffaloes,25,"Kitagawa, Koichi",RF,114,339,323,0.254,0.274,0.365,0.639,31,22,82,59,15,3,5,118,6,7,9,0,25,6,0,7,0,31933809
1966,Regular Season,Hiroshima Carp,50,"Teramoto, Isamu",1B,1,0,0,0.000,,0.000,,0,0,0,0,0,0,0,0,0,0,0,0,0,0,0,0,0,31933820
1966,Regular Season,Hiroshima Carp,33,"Nakamura, Mitsuya",RF,11,0,0,0.000,,0.000,,0,0,0,0,0,0,0,0,0,0,0,0,0,0,0,0,0,31933822
1966,Japan Series,Nankai Hawks,17,"Suzuki, Takao",C,1,,0,0.000,,0.000,,,0,0,0,0,0,0,0,0,,0,,0,,,,,31933823
1966,Regular Season,Nankai Hawks,17,"Suzuki, Takao",C,1,0,0,0.000,0.000,0.000,0.000,0,0,0,0,0,0,0,0,0,0,0,0,0,0,0,0,0,31933823
1966,Regular Season,Kintetsu Buffaloes,16,"Sasaki, Koichiro",P,46,64,58,0.017,0.066,0.017,0.083,1,1,1,1,0,0,0,1,0,0,3,0,34,1,0,3,0,31933825
1966,Regular Season,Hankyu Braves,25,"Spencer, Daryl",3B,125,477,403,0.278,0.387,0.506,0.893,51,63,112,62,28,2,20,204,0,4,71,12,72,14,1,0,2,31933829
1966,Regular Season,Yomiuri Giants,24,"Miyata, Yukinori",P,15,11,11,0.182,0.182,0.545,0.727,1,4,2,0,1,0,1,6,0,0,0,0,7,1,0,0,0,33133825
1966,Regular Season,Hanshin Tigers,27,"Wako, Tomo",P,44,36,30,0.067,0.176,0.067,0.243,1,0,2,2,0,0,0,2,0,0,4,0,18,0,0,2,0,33333802
1966,Regular Season,Chunichi Dragons,44,"Matsumoto, Shinobu",P,1,0,0,0.000,,0.000,,0,0,0,0,0,0,0,0,0,0,0,0,0,0,0,0,0,41043822
1966,Regular Season,Sankei Atoms,3,"Tokutake, Sadayuki",3B,135,508,453,0.249,0.320,0.406,0.726,42,55,113,75,20,3,15,184,2,1,45,1,54,11,2,6,2,41043823
1966,Japan Series,Yomiuri Giants,35,"Senda, Keisuke",SS,2,,2,0.500,,0.500,,,0,1,1,0,0,0,1,0,,0,,0,,,,,41043825
1966,Regular Season,Yomiuri Giants,35,"Senda, Keisuke",SS,80,110,100,0.180,0.255,0.240,0.495,15,8,18,14,2,2,0,24,10,6,6,0,17,2,4,0,0,41043825
1966,Japan Series,Nankai Hawks,15,"Murakami, Masanori",P,5,,2,0.000,,0.000,,,0,0,0,0,0,0,0,0,,0,,1,,,,,41043827
1966,Regular Season,Nankai Hawks,15,"Murakami, Masanori",P,46,22,20,0.250,0.250,0.400,0.650,1,2,5,4,0,0,1,8,0,0,0,0,1,0,0,2,0,41043827
1966,Regular Season,Hiroshima Carp,18,"Nishikawa, Katsuhiro",P,25,2,2,0.000,0.000,0.000,0.000,0,0,0,0,0,0,0,0,0,0,0,0,2,0,0,0,0,41043829
1966,Japan Series,Nankai Hawks,5,"Anabuki, Yoshio",PH,4,,8,0.375,,0.750,,,1,3,2,0,0,1,6,0,,0,,0,,,,,41143802
1966,Regular Season,Nankai Hawks,5,"Anabuki, Yoshio",PH,76,139,130,0.262,0.284,0.431,0.715,13,22,34,24,4,0,6,56,0,1,3,1,19,8,1,3,2,41143802
1966,Regular Season,Hankyu Braves,20,"Ishii, Shigeo",P,42,64,58,0.121,0.121,0.155,0.276,0,3,7,5,2,0,0,9,0,0,0,0,11,0,0,5,1,41143806
1966,Regular Season,Chunichi Dragons,7,"Ito, Tatsuhiko",3B,84,149,138,0.152,0.182,0.210,0.392,11,6,21,17,2,0,2,29,0,1,5,0,13,3,0,4,2,41143808
1966,Regular Season,Hankyu Braves,5,"Ishikawa, Susumu",RF,97,205,190,0.253,0.297,0.368,0.665,19,12,48,31,13,3,1,70,8,6,11,1,23,2,1,1,2,41143809
1966,Regular Season,Nishitetsu Lions,39,"Ikenaga, Hiroyuki",PH,1,1,1,0.000,0.000,0.000,0.000,0,0,0,0,0,0,0,0,0,0,0,0,0,0,0,0,0,41143820
1966,Regular Season,Hanshin Tigers,42,"Kaburaki, Yoshizumi",P,2,0,0,0.000,,0.000,,0,0,0,0,0,0,0,0,0,0,0,0,0,0,0,0,0,41143822
1966,Regular Season,Toei Flyers,6,"Aono, Shuzo",2B,126,487,419,0.258,0.319,0.379,0.698,55,32,108,79,17,2,10,159,3,0,31,0,38,12,7,27,3,41143825
1966,Regular Season,Hanshin Tigers,2,"Motoyashiki, Kingo",2B,70,163,144,0.215,0.285,0.250,0.535,16,3,31,27,3,1,0,36,2,5,13,1,18,5,1,3,2,41243806
1966,Regular Season,Yomiuri Giants,10,"Miyamoto, Yojiro",P,22,10,8,0.000,0.111,0.000,0.111,0,0,0,0,0,0,0,0,0,0,1,0,3,0,0,1,0,41243820
1966,Regular Season,Hankyu Braves,26,"Yoshimoto, Yasunori",3B,33,32,28,0.143,0.200,0.214,0.414,3,2,4,2,2,0,0,6,0,1,1,0,6,0,1,1,1,41243827
1966,Regular Season,Hanshin Tigers,25,"Furusawa, Kenji",P,11,5,4,0.000,0.000,0.000,0.000,0,0,0,0,0,0,0,0,0,0,0,0,4,0,0,1,0,41243829
1966,Regular Season,Hanshin Tigers,41,"Kamata, Minoru",2B,92,272,250,0.200,0.248,0.264,0.512,20,12,50,39,8,1,2,66,2,3,16,4,11,3,0,6,0,41343804
1966,Regular Season,Hiroshima Carp,22,"Oishi, Kiyoshi",P,34,34,31,0.258,0.324,0.258,0.582,1,2,8,8,0,0,0,8,0,0,3,0,10,1,0,0,0,41343808
1966,Regular Season,Toei Flyers,51,"Osugi, Katsuo",1B,101,203,186,0.269,0.313,0.441,0.754,29,28,50,35,6,1,8,82,1,0,7,0,29,1,5,2,3,41343820
1966,Regular Season,Hankyu Braves,21,"Saito, Yoshi",SS,18,14,13,0.077,0.143,0.077,0.220,1,0,1,1,0,0,0,1,0,0,1,0,4,0,0,0,0,41343822
1966,Regular Season,Taiyo Whales,15,"Inagawa, Makoto",P,43,52,50,0.180,0.180,0.200,0.380,3,1,9,8,1,0,0,10,0,0,0,0,10,0,0,2,0,41343825
1966,Regular Season,Sankei Atoms,11,"Murata, Genichi",P,42,63,56,0.125,0.183,0.143,0.326,1,1,7,6,1,0,0,8,0,0,4,0,21,1,0,3,0,41443804
1966,Japan Series,Nankai Hawks,20,"Watanabe, Taisuke",P,4,,5,0.400,,0.400,,,1,2,2,0,0,0,2,0,,0,,1,,,,,41443820
1966,Regular Season,Nankai Hawks,20,"Watanabe, Taisuke",P,47,81,65,0.108,0.147,0.138,0.285,4,5,7,6,0,1,0,9,0,0,3,0,22,2,0,13,0,41443820
1966,Regular Season,Toei Flyers,25,"Miyahara, Hideaki",RF,108,228,213,0.258,0.295,0.343,0.638,18,24,55,44,7,1,3,73,0,0,10,1,22,7,1,1,2,41443823
1966,Regular Season,Hiroshima Carp,15,"Morikawa, Takuro",P,13,0,0,0.000,,0.000,,0,0,0,0,0,0,0,0,0,0,0,0,0,0,0,0,0,41443829
1966,Regular Season,Taiyo Whales,9,"Kanemitsu, Hidenori",PH,73,143,128,0.281,0.343,0.367,0.710,5,14,36,28,6,1,1,47,0,1,9,3,18,5,3,0,2,41543808
1966,Regular Season,Sankei Atoms,2,"Okajima, Hiroji",2B,112,315,280,0.207,0.275,0.289,0.564,24,21,58,45,8,0,5,81,5,2,22,2,33,5,4,8,1,41543809
1966,Regular Season,Chunichi Dragons,48,"Sasaki, Koji",PH,11,9,9,0.111,0.111,0.444,0.555,1,1,1,0,0,0,1,4,0,0,0,0,3,0,0,0,0,41543820
1966,Regular Season,Chunichi Dragons,32,"Kondo, Mizuo",P,29,12,10,0.100,0.100,0.100,0.200,1,0,1,1,0,0,0,1,0,0,0,0,2,0,0,2,0,41543821
1966,Regular Season,Chunichi Dragons,19,"Shintaku, Hiroshi",C,37,48,45,0.156,0.191,0.156,0.347,2,1,7,7,0,0,0,7,1,0,1,0,9,3,1,1,0,41543822
1966,Regular Season,Hiroshima Carp,20,"Jono, Katsuhiro",P,18,0,0,0.000,,0.000,,0,0,0,0,0,0,0,0,0,0,0,0,0,0,0,0,0,41543827
1966,Regular Season,Sankei Atoms,9,"Kurashima, Kesanori",PH,2,2,1,0.000,0.500,0.000,0.500,0,0,0,0,0,0,0,0,0,0,1,0,1,0,0,0,0,41543829
1966,Regular Season,Chunichi Dragons,3,"Naka, Toshio",CF,122,525,475,0.322,0.375,0.497,0.872,79,47,153,109,23,3,18,236,22,7,39,6,27,2,1,4,4,41643800
1966,Japan Series,Nankai Hawks,12,"Hirose, Yoshinori",CF,6,,24,0.125,,0.208,,,0,3,2,0,1,0,5,0,,2,,4,,,,,41643802
1966,Regular Season,Nankai Hawks,12,"Hirose, Yoshinori",CF,110,395,376,0.261,0.293,0.434,0.727,49,39,98,63,17,6,12,163,28,5,16,1,33,3,1,2,0,41643802
1966,Japan Series,Nankai Hawks,3,"Higuchi, Shozo",RF,3,,5,0.200,,0.200,,,0,1,1,0,0,0,1,0,,0,,0,,,,,41643825
1966,Regular Season,Nankai Hawks,3,"Higuchi, Shozo",RF,102,295,268,0.265,0.314,0.317,0.631,23,17,71,60,9,1,1,85,3,1,18,0,16,0,1,7,1,41643825
1966,Japan Series,Yomiuri Giants,11,"Watanabe, Hidetake",P,1,,0,0.000,,0.000,,,0,0,0,0,0,0,0,0,,0,,0,,,,,41643829
1966,Regular Season,Yomiuri Giants,11,"Watanabe, Hidetake",P,43,56,51,0.176,0.176,0.176,0.352,1,3,9,9,0,0,0,9,0,0,0,0,17,0,0,5,0,41643829
1966,Regular Season,Chunichi Dragons,11,"Takaoka, Eiji",P,3,0,0,0.000,,0.000,,0,0,0,0,0,0,0,0,0,0,0,0,0,0,0,0,0,41743822
1966,Regular Season,Hanshin Tigers,29,"Tsuji, Yoshinori",C,107,318,297,0.219,0.261,0.374,0.635,24,25,65,43,10,0,12,111,4,3,14,4,56,5,3,3,1,41743827
1966,Regular Season,Tokyo Orions,18,"Sakota, Shichiro",P,36,18,16,0.125,0.125,0.125,0.250,1,1,2,2,0,0,0,2,0,0,0,0,6,0,0,2,0,41743829
1966,Regular Season,Taiyo Whales,25,"Matsubara, Makoto",1B,129,516,477,0.294,0.334,0.432,0.766,49,56,140,96,32,2,10,206,3,3,27,4,54,6,2,3,7,41843825
1966,Regular Season,Hanshin Tigers,24,"Tohi, Goro",1B,123,486,432,0.326,0.394,0.475,0.869,50,55,141,101,27,2,11,205,3,4,48,9,40,6,0,3,3,41943806
1966,Regular Season,Kintetsu Buffaloes,2,"Kodama, Akitoshi",2B,121,469,428,0.245,0.304,0.329,0.633,36,32,105,80,18,3,4,141,5,2,36,0,23,9,0,3,2,41943809
1966,Regular Season,Tokyo Orions,46,"Narita, Fumio",P,45,47,43,0.256,0.273,0.419,0.692,4,7,11,7,2,1,1,18,0,0,1,0,13,0,0,3,0,41943820
1966,Regular Season,Yomiuri Giants,37,"Hayashi, Chiyosaku",PH,2,3,3,0.333,0.333,1.333,1.666,1,1,1,0,0,0,1,4,0,0,0,0,1,0,0,0,0,41943822
1966,Japan Series,Yomiuri Giants,43,"Takahashi, Akira",P,1,,0,0.000,,0.000,,,0,0,0,0,0,0,0,0,,0,,0,,,,,41943823
1966,Regular Season,Yomiuri Giants,43,"Takahashi, Akira",P,15,14,14,0.143,0.143,0.143,0.286,1,0,2,2,0,0,0,2,0,0,0,0,8,1,0,0,0,41943823
1966,Regular Season,Tokyo Orions,49,"Hasegawa, Kazuo",PH,1,1,1,0.000,0.000,0.000,0.000,0,0,0,0,0,0,0,0,0,0,0,0,0,0,0,0,0,41943827
1966,Regular Season,Yomiuri Giants,32,"Taki, Yasuharu",PR,18,19,18,0.278,0.316,0.444,0.760,4,2,5,3,1,1,0,8,1,0,1,0,5,0,0,0,0,41943829
1966,Regular Season,Kintetsu Buffaloes,8,"Yamamoto, Hachiro",RF,102,316,301,0.262,0.282,0.392,0.674,37,26,79,57,13,1,8,118,10,4,8,0,48,11,0,7,0,43143802
1966,Regular Season,Chunichi Dragons,21,"Yamanaka, Tatsumi",P,34,80,69,0.130,0.167,0.159,0.326,4,3,9,8,0,1,0,11,0,0,3,0,16,0,0,7,0,43143825
1966,Japan Series,Yomiuri Giants,27,"Mori, Masahiko",C,6,,27,0.148,,0.148,,,2,4,4,0,0,0,4,0,,2,,1,,,,,43543800
1966,Regular Season,Yomiuri Giants,27,"Mori, Masahiko",C,125,454,425,0.242,0.280,0.318,0.598,25,62,103,83,13,2,5,135,1,1,21,8,19,12,1,3,4,43543800
1966,Regular Season,Nishitetsu Lions,21,"Wako, Tadayasu",P,41,28,26,0.000,0.037,0.000,0.037,1,0,0,0,0,0,0,0,0,0,1,0,18,0,0,1,0,43743800
1966,Regular Season,Taiyo Whales,43,"Haba, Yuji",RF,8,0,0,0.000,,0.000,,0,0,0,0,0,0,0,0,0,0,0,0,0,0,0,0,0,51053820
1966,Regular Season,Nankai Hawks,23,"Fujita, Norihiro",RF,4,0,0,0.000,0.000,0.000,0.000,0,0,0,0,0,0,0,0,0,0,0,0,0,0,0,0,0,51053822
1966,Regular Season,Toei Flyers,22,"Tanemo, Masayuki",C,132,453,419,0.291,0.339,0.372,0.711,32,39,122,98,16,6,2,156,4,3,21,5,25,10,9,2,2,51053823
1966,Japan Series,Yomiuri Giants,15,"Jonochi, Kunio",P,3,,7,0.143,,0.286,,,1,1,0,1,0,0,2,0,,0,,3,,,,,51053825
1966,Regular Season,Yomiuri Giants,15,"Jonochi, Kunio",P,40,103,93,0.054,0.093,0.086,0.179,4,2,5,4,0,0,1,8,0,0,4,0,54,2,0,6,0,51053825
1966,Regular Season,Hankyu Braves,11,"Toda, Yoshinori",P,3,0,0,0.000,0.000,0.000,0.000,0,0,0,0,0,0,0,0,0,0,0,0,0,0,0,0,0,51053829
1966,Regular Season,Hiroshima Carp,25,"Anan, Junro",3B,117,277,261,0.218,0.258,0.249,0.507,8,14,57,51,5,0,1,65,1,4,12,1,25,9,2,1,1,51153802
1966,Regular Season,Sankei Atoms,41,"Akai, Kiyoji",PH,12,9,9,0.111,0.111,0.111,0.222,1,0,1,1,0,0,0,1,0,0,0,0,3,0,0,0,0,51153820
1966,Regular Season,Kintetsu Buffaloes,41,"Iida, Yukio",PH,59,82,79,0.177,0.207,0.203,0.410,6,0,14,13,0,1,0,16,3,2,3,0,17,1,0,0,0,51153822
1966,Regular Season,Hanshin Tigers,14,"Abe, Kazuharu",P,29,19,19,0.263,0.263,0.316,0.579,1,3,5,4,1,0,0,6,0,0,0,0,6,0,0,0,0,51153825
1966,Regular Season,Hiroshima Carp,16,"Aniya, Sohachi",P,42,59,56,0.089,0.089,0.107,0.196,3,2,5,4,1,0,0,6,0,0,0,0,14,3,0,3,0,51153829
1966,Regular Season,Chunichi Dragons,14,"Bando, Eiji",P,60,32,28,0.286,0.333,0.321,0.654,0,1,8,7,1,0,0,9,0,0,2,0,6,0,0,2,0,51253808
1966,Regular Season,Toei Flyers,23,"Matsutani, Eiji",RF,6,0,0,0.000,0.000,0.000,0.000,0,0,0,0,0,0,0,0,0,0,0,0,0,0,0,0,0,51253820
1966,Japan Series,Nankai Hawks,59,"Yamamoto, Tamon",LF,4,,1,0.000,,0.000,,,0,0,0,0,0,0,0,0,,0,,0,,,,,51253822
1966,Regular Season,Nankai Hawks,59,"Yamamoto, Tamon",LF,59,104,97,0.227,0.265,0.227,0.492,7,1,22,22,0,0,0,22,2,1,4,0,17,1,1,2,0,51253822
1966,Regular Season,Chunichi Dragons,16,"Takenaka, Atsushi",SS,35,14,13,0.077,0.143,0.077,0.220,3,0,1,1,0,0,0,1,1,1,1,0,3,1,0,0,0,51253825
1966,Regular Season,Hankyu Braves,1,"Yamaguchi, Fujio",SS,127,472,433,0.206,0.244,0.275,0.519,40,24,89,69,13,4,3,119,16,9,18,0,41,8,4,15,2,51253827
1966,Regular Season,Hiroshima Carp,39,"Hari, Isao",P,16,3,3,0.000,0.000,0.000,0.000,0,0,0,0,0,0,0,0,0,0,0,0,1,0,0,0,0,51253829
1966,Regular Season,Taiyo Whales,19,"Ejiri, Akira",RF,71,209,201,0.303,0.327,0.473,0.800,24,16,61,37,18,2,4,95,0,1,4,1,22,2,3,1,0,51353820
1966,Regular Season,Hankyu Braves,45,"Kakimoto, Minoru",P,19,5,5,0.000,0.000,0.000,0.000,0,0,0,0,0,0,0,0,0,0,0,0,0,0,0,0,0,51353821
1966,Regular Season,Chunichi Dragons,47,"Kitakado, Fujio",P,22,14,13,0.154,0.154,0.308,0.462,1,0,2,1,0,1,0,4,0,0,0,0,4,0,0,1,0,51353822
1966,Regular Season,Kintetsu Buffaloes,52,"Okubo, Kazuo",C,22,12,11,0.182,0.250,0.273,0.523,2,0,2,1,1,0,0,3,0,0,1,0,5,0,0,0,0,51353823
1966,Regular Season,Tokyo Orions,34,"Ikebe, Takenori",LF,105,243,229,0.227,0.259,0.397,0.656,31,32,52,34,7,1,10,91,2,2,7,0,32,3,3,3,1,51353825
1966,Regular Season,Chunichi Dragons,2,"Ichieda, Shuhei",SS,119,419,378,0.265,0.320,0.376,0.696,36,30,100,76,13,4,7,142,4,6,29,0,53,4,2,9,1,51353829
1966,Regular Season,Hanshin Tigers,11,"Murayama, Minoru",P,38,105,87,0.218,0.269,0.287,0.556,6,3,19,14,4,1,0,25,0,0,6,0,21,2,0,12,0,51453808
1966,Regular Season,Hiroshima Carp,46,"Yamada, Haruyuki",SS,1,0,0,0.000,,0.000,,0,0,0,0,0,0,0,0,0,0,0,0,0,0,0,0,0,51453820
1966,Regular Season,Tokyo Orions,19,"Maki, Katsuhiko",P,28,16,16,0.125,0.125,0.188,0.313,1,1,2,1,1,0,0,3,0,0,0,0,3,0,0,0,0,51453823
1966,Regular Season,Kintetsu Buffaloes,51,"Doi, Masahiro",LF,130,515,469,0.275,0.335,0.467,0.802,58,58,129,81,27,0,21,219,3,6,40,3,48,10,2,0,4,51453825
1966,Regular Season,Yomiuri Giants,23,"Matsumura, Masaharu",3B,9,14,11,0.000,0.154,0.000,0.154,0,0,0,0,0,0,0,0,3,0,2,0,3,0,0,1,0,51453829
1966,Regular Season,Hiroshima Carp,10,"Okitsu, Tatsuo",3B,93,331,284,0.215,0.320,0.359,0.679,33,28,61,41,9,1,10,102,0,0,40,1,64,9,4,2,1,51553808
1966,Regular Season,Kintetsu Buffaloes,21,"Kihara, Yoshitaka",P,21,14,13,0.000,0.071,0.000,0.071,1,0,0,0,0,0,0,0,0,0,1,0,2,0,0,0,0,51553820
1966,Regular Season,Nankai Hawks,65,"Shibata, Takeshi",LF,7,0,0,0.000,0.000,0.000,0.000,0,0,0,0,0,0,0,0,0,0,0,0,0,0,0,0,0,51553822
1966,Regular Season,Toei Flyers,28,"Sano, Yoshiyuki",SS,122,341,316,0.259,0.295,0.358,0.653,39,23,82,59,17,4,2,113,10,3,14,3,47,9,2,7,2,51553827
1966,Regular Season,Hankyu Braves,32,"Kanemoto, Hideo",P,20,6,5,0.400,0.500,0.400,0.900,0,1,2,2,0,0,0,2,0,0,1,0,1,0,0,0,0,51553829
1966,Regular Season,Yomiuri Giants,50,"Yoshizawa, Hidekazu",LF,1,0,0,0.000,,0.000,,0,0,0,0,0,0,0,0,0,0,0,0,0,0,0,0,0,51653829
1966,Regular Season,Taiyo Whales,20,"Shimada, Gentaro",P,5,1,1,0.000,0.000,0.000,0.000,0,0,0,0,0,0,0,0,0,0,0,0,0,0,0,0,0,51753806
1966,Regular Season,Hiroshima Carp,14,"Sotokoba, Yoshiro",P,26,2,1,0.000,0.000,0.000,0.000,0,0,0,0,0,0,0,0,0,0,0,0,1,0,0,1,0,51753820
1966,Regular Season,Hankyu Braves,28,"Sumitomo, Taira",2B,89,313,280,0.214,0.283,0.336,0.619,34,24,60,41,10,3,6,94,13,5,22,0,58,3,5,4,2,51753822
1966,Regular Season,Chunichi Dragons,17,"Sato, Kimihiro",P,42,19,18,0.056,0.056,0.056,0.112,1,0,1,1,0,0,0,1,0,0,0,0,4,1,0,1,0,51753823
1966,Regular Season,Kintetsu Buffaloes,5,"Takagi, Takashi",1B,129,437,391,0.258,0.329,0.381,0.710,28,38,101,74,16,1,10,149,4,3,39,1,38,7,2,2,3,51753827
1966,Regular Season,Hanshin Tigers,8,"Yamauchi, Kazuhiro",LF,125,495,438,0.256,0.335,0.438,0.773,54,54,112,69,24,1,18,192,1,0,50,5,47,16,2,1,4,51853805
1966,Regular Season,Hanshin Tigers,15,"Gondo, Masatoshi",P,41,41,39,0.179,0.179,0.256,0.435,1,1,7,6,0,0,1,10,0,0,0,0,7,1,0,2,0,51953807
1966,Regular Season,Chunichi Dragons,38,"Shimada, Yukio",PH,17,18,15,0.133,0.188,0.133,0.321,0,1,2,2,0,0,0,2,0,0,0,0,6,0,1,1,1,51953808
1966,Japan Series,Yomiuri Giants,6,"Doi, Shozo",2B,6,,25,0.400,,0.440,,,2,10,9,1,0,0,11,3,,0,,1,,,,,51953820
1966,Regular Season,Yomiuri Giants,6,"Doi, Shozo",2B,129,480,420,0.245,0.300,0.310,0.610,67,39,103,87,10,1,5,130,14,12,29,0,32,1,4,25,2,51953820
1966,Regular Season,Nankai Hawks,57,"Nagamoto, Kunji",P,6,1,1,0.000,0.000,0.000,0.000,0,0,0,0,0,0,0,0,0,0,0,0,0,0,0,0,0,51953822
1966,Regular Season,Nishitetsu Lions,37,"Sei, Toshihiko",P,48,26,19,0.000,0.000,0.000,0.000,0,0,0,0,0,0,0,0,0,0,0,0,12,0,0,7,0,51953829
1966,Regular Season,Hankyu Braves,41,"Nagai, Susumu",PH,36,39,38,0.132,0.154,0.158,0.312,2,2,5,4,1,0,0,6,0,0,1,0,13,1,0,0,0,61063808
1966,Regular Season,Sankei Atoms,12,"Fukutomi, Kunio",RF,117,302,267,0.213,0.276,0.307,0.583,25,15,57,43,6,5,3,82,5,3,22,1,45,4,1,10,2,61063820
1966,Regular Season,Hiroshima Carp,38,"Mizutani, Jitsuo",PH,1,1,1,0.000,0.000,0.000,0.000,0,0,0,0,0,0,0,0,0,0,0,0,1,0,0,0,0,61063822
1966,Regular Season,Kintetsu Buffaloes,18,"Tokuhisa, Toshiaki",P,28,31,28,0.036,0.036,0.071,0.107,0,2,1,0,1,0,0,2,0,0,0,0,22,0,0,3,0,61063823
1966,Regular Season,Nishitetsu Lions,2,"Nishiwaki, Koji",RF,117,292,266,0.241,0.279,0.391,0.670,37,23,64,41,11,7,5,104,9,7,9,0,60,2,5,12,0,61063829
1966,Regular Season,Hanshin Tigers,20,"Ishikawa, Midori",P,40,47,45,0.067,0.087,0.067,0.154,0,0,3,3,0,0,0,3,0,0,1,0,27,0,0,1,0,61163800
1966,Regular Season,Nankai Hawks,1,"Inoe, Noboru",PH,54,95,88,0.136,0.191,0.159,0.350,5,2,12,10,2,0,0,14,0,0,6,1,15,3,0,0,1,61163807
1966,Regular Season,Toei Flyers,12,"Ito, Yoshiaki",P,39,24,20,0.000,0.000,0.000,0.000,0,1,0,0,0,0,0,0,0,0,0,0,6,0,0,4,0,61163808
1966,Regular Season,Tokyo Orions,23,"Ishiguro, Kazuhiro",SS,91,265,236,0.186,0.259,0.254,0.513,20,19,44,35,5,1,3,60,3,3,22,2,47,3,1,5,1,61163809
1966,Regular Season,Nishitetsu Lions,20,"Ikenaga, Masaaki",P,47,92,75,0.107,0.183,0.187,0.370,6,1,8,5,1,1,1,14,0,0,7,0,26,0,0,10,0,61163820
1966,Regular Season,Taiyo Whales,24,"Ogawa, Toshiaki",C,46,65,60,0.217,0.242,0.333,0.575,3,8,13,9,2,1,1,20,1,0,2,0,8,0,0,3,0,61163821
1966,Regular Season,Hiroshima Carp,26,"Kamata, Yutaka",PR,15,9,6,0.167,0.444,0.167,0.611,4,0,1,1,0,0,0,1,2,0,3,0,2,0,0,0,0,61163822
1966,Regular Season,Tokyo Orions,8,"Mori, Toru",RF,101,363,333,0.213,0.276,0.402,0.678,37,43,71,43,10,1,17,134,8,4,25,0,60,7,4,1,0,61263806
1966,Regular Season,Toei Flyers,1,"Matsumoto, Shunichi",SS,46,8,8,0.125,0.125,0.125,0.250,1,0,1,1,0,0,0,1,0,0,0,0,2,0,0,0,0,61263808
1966,Regular Season,Hankyu Braves,59,"Morimoto, Kiyoshi",2B,90,241,220,0.218,0.271,0.327,0.598,26,19,48,34,8,2,4,72,4,2,15,0,36,7,1,2,3,61263820
1966,Regular Season,Sankei Atoms,5,"Yanora, Kunimitsu",SS,117,442,408,0.225,0.258,0.343,0.601,39,37,92,67,12,3,10,140,4,6,16,2,74,8,2,11,5,61263821
1966,Regular Season,Tokyo Orions,11,"Tsumashima, Yoshiro",P,31,35,34,0.147,0.147,0.147,0.294,1,3,5,5,0,0,0,5,0,1,0,0,7,0,0,1,0,61263825
1966,Regular Season,Nishitetsu Lions,4,"Roig, Tony",3B,124,496,457,0.260,0.309,0.470,0.779,52,56,119,67,30,0,22,215,3,3,28,2,91,10,4,1,6,61263827
1966,Regular Season,Hiroshima Carp,17,"Ugari, Michio",P,37,9,8,0.125,0.125,0.125,0.250,0,0,1,1,0,0,0,1,0,0,0,0,0,0,0,1,0,61363802
1966,Regular Season,Hiroshima Carp,29,"Oba, Susumu",P,48,80,74,0.243,0.253,0.297,0.550,6,5,18,15,2,1,0,22,0,0,1,0,8,0,0,4,1,61363808
1966,Regular Season,Sankei Atoms,47,"Otsuka, Toru",PR,14,6,6,0.167,0.167,0.167,0.334,3,0,1,1,0,0,0,1,0,1,0,0,1,0,0,0,0,61363820
1966,Regular Season,Nankai Hawks,38,"Sakaguchi, Kazushi",1B,25,14,13,0.385,0.429,0.385,0.814,0,0,5,5,0,0,0,5,0,0,1,0,3,0,0,0,0,61363822
1966,Regular Season,Hanshin Tigers,39,"Kushiro, Yoshiaki",PH,7,8,8,0.250,0.250,0.250,0.500,0,1,2,2,0,0,0,2,0,0,0,0,2,1,0,0,0,61363827
1966,Regular Season,Hankyu Braves,22,"Okuma, Tadayoshi",3B,45,57,55,0.236,0.263,0.473,0.736,11,4,13,5,5,1,2,26,1,0,1,0,13,1,1,0,0,61363829
1966,Regular Season,Hanshin Tigers,22,"Tanimoto, Minoru",PH,51,52,49,0.204,0.220,0.204,0.424,0,10,10,10,0,0,0,10,0,0,1,0,3,5,0,0,2,61463800
1966,Japan Series,Nankai Hawks,32,"Niiyama, Akitada",P,1,,0,0.000,,0.000,,,0,0,0,0,0,0,0,0,,0,,0,,,,,61463825
1966,Regular Season,Nankai Hawks,32,"Niiyama, Akitada",P,41,25,24,0.083,0.083,0.083,0.166,2,0,2,2,0,0,0,2,0,0,0,0,6,1,0,1,0,61463825
1966,Regular Season,Toei Flyers,7,"Saionji, Akio",3B,134,498,439,0.271,0.347,0.403,0.750,57,33,119,79,29,4,7,177,11,13,50,1,38,9,1,6,2,61563804
1966,Regular Season,Chunichi Dragons,30,"Stephens, Gene",LF,109,254,232,0.224,0.277,0.332,0.609,25,29,52,37,10,0,5,77,3,3,16,1,27,4,1,3,2,61563822
1966,Regular Season,Hankyu Braves,37,"Oishi, Yataro",P,5,0,0,0.000,0.000,0.000,0.000,0,0,0,0,0,0,0,0,0,0,0,0,0,0,0,0,0,61563825
1966,Regular Season,Sankei Atoms,53,"Suzaki, Masaaki",PH,74,120,111,0.243,0.263,0.279,0.542,10,2,27,24,2,1,0,31,4,0,2,0,8,2,1,6,0,61563827
1966,Japan Series,Yomiuri Giants,67,"Kuroe, Yukinobu",SS,6,,19,0.211,,0.474,,,3,4,2,0,1,1,9,0,,0,,5,,,,,61563829
1966,Regular Season,Yomiuri Giants,67,"Kuroe, Yukinobu",SS,91,289,262,0.244,0.310,0.328,0.638,44,17,64,49,10,3,2,86,21,7,21,1,35,4,4,1,1,61563829
1966,Japan Series,Nankai Hawks,16,"Morishita, Nobuyasu",3B,4,,9,0.111,,0.111,,,0,1,1,0,0,0,1,0,,0,,1,,,,,61663805
1966,Regular Season,Nankai Hawks,16,"Morishita, Nobuyasu",3B,92,140,125,0.200,0.270,0.256,0.526,11,9,25,18,7,0,0,32,1,1,12,0,7,1,0,2,1,61663805
1966,Regular Season,Taiyo Whales,66,"Hirayama, Yoshihiro",RF,1,0,0,0.000,,0.000,,0,0,0,0,0,0,0,0,0,0,0,0,0,0,0,0,0,61663825
1966,Regular Season,Chunichi Dragons,55,"Takeuchi, Hiroshi",PH,1,1,1,0.000,0.000,0.000,0.000,0,0,0,0,0,0,0,0,0,0,0,0,1,0,0,0,0,61763822
1966,Regular Season,Sankei Atoms,6,"Shinoda, Isamu",SS,44,83,75,0.213,0.263,0.293,0.556,6,4,16,10,6,0,0,22,1,0,4,1,9,1,1,2,1,61763829
1966,Japan Series,Nankai Hawks,29,"Sugiyama, Kohei",PH,3,,5,0.000,,0.000,,,1,0,0,0,0,0,0,0,,0,,1,,,,,61963805
1966,Regular Season,Nankai Hawks,29,"Sugiyama, Kohei",PH,74,154,146,0.267,0.296,0.404,0.700,15,22,39,29,5,0,5,59,0,0,6,1,13,4,0,1,1,61963805
1966,Regular Season,Hankyu Braves,69,"Narita, Mitsuhiro",PH,6,3,2,0.500,0.667,0.500,1.167,0,0,1,1,0,0,0,1,0,0,1,0,1,0,0,0,0,61963820
1966,Regular Season,Hanshin Tigers,26,"Hisano, Goji",P,38,22,21,0.333,0.364,0.476,0.840,2,2,7,6,0,0,1,10,0,0,1,0,7,0,0,0,0,61963822
1966,Regular Season,Nankai Hawks,13,"Takahashi, Eiichiro",P,19,7,6,0.000,0.000,0.000,0.000,0,0,0,0,0,0,0,0,0,0,0,0,1,0,0,1,0,61963823
1966,Regular Season,Taiyo Whales,32,"Shigematsu, Shozo",LF,108,384,357,0.261,0.300,0.454,0.754,48,32,93,57,17,5,14,162,10,5,19,0,36,6,1,7,0,61963825
1966,Regular Season,Toei Flyers,11,"Hagiwara, Chiaki",PH,62,84,70,0.271,0.363,0.386,0.749,11,14,19,15,2,0,2,27,1,1,9,0,17,1,1,3,1,61963827
1966,Japan Series,Yomiuri Giants,29,"Tanebe, Noriyasu",P,1,,0,0.000,,0.000,,,0,0,0,0,0,0,0,0,,0,,0,,,,,61963829
1966,Regular Season,Yomiuri Giants,29,"Tanebe, Noriyasu",P,20,7,5,0.200,0.200,0.200,0.400,0,0,1,1,0,0,0,1,0,0,0,0,2,0,0,2,0,61963829
1966,Japan Series,Nankai Hawks,22,"Minagawa, Mutsuo",P,3,,1,0.000,,0.000,,,0,0,0,0,0,0,0,0,,0,,1,,,,,63163809
1966,Regular Season,Nankai Hawks,22,"Minagawa, Mutsuo",P,47,68,58,0.103,0.161,0.138,0.299,4,5,6,4,2,0,0,8,0,0,3,0,22,0,1,5,1,63163809
1966,Regular Season,Kintetsu Buffaloes,12,"Yamamoto, Shigemasa",P,58,53,47,0.085,0.122,0.085,0.207,0,0,4,4,0,0,0,4,1,0,2,0,19,1,0,4,0,63163825
1966,Japan Series,Yomiuri Giants,34,"Kaneda, Masaichi",P,1,,4,0.500,,0.500,,,0,2,2,0,0,0,2,0,,0,,1,,,,,71073801
1966,Regular Season,Yomiuri Giants,34,"Kaneda, Masaichi",P,19,26,23,0.174,0.240,0.217,0.457,1,2,4,3,1,0,0,5,0,0,2,0,1,0,0,1,0,71073801
1966,Japan Series,Yomiuri Giants,9,"Tanaka, Kusuo",RF,2,,1,0.000,,0.000,,,0,0,0,0,0,0,0,0,,0,,0,,,,,71073802
1966,Regular Season,Yomiuri Giants,9,"Tanaka, Kusuo",RF,53,117,110,0.227,0.267,0.273,0.540,6,6,25,22,2,0,1,30,0,2,5,0,24,1,1,1,0,71073802
1966,Regular Season,Kintetsu Buffaloes,26,"Hashimoto, Takashi",P,2,0,0,0.000,0.000,0.000,0.000,0,0,0,0,0,0,0,0,0,0,0,0,0,0,0,0,0,71073820
1966,Regular Season,Kintetsu Buffaloes,27,"Boles, Carl",CF,124,499,463,0.261,0.310,0.479,0.789,60,57,121,73,21,1,26,222,14,8,26,3,57,9,7,2,1,71073822
1966,Regular Season,Hankyu Braves,16,"Adachi, Mitsuhiro",P,55,90,79,0.127,0.138,0.127,0.265,5,4,10,10,0,0,0,10,1,0,1,0,29,1,0,9,1,71173808
1966,Regular Season,Nankai Hawks,24,"Agata, Masumi",RF,4,3,3,0.000,0.000,0.000,0.000,0,0,0,0,0,0,0,0,0,0,0,0,2,0,0,0,0,71173820
1966,Regular Season,Hanshin Tigers,1,"Asai, Shigeji",3B,130,486,457,0.256,0.283,0.346,0.629,40,40,117,95,12,1,9,158,7,2,15,0,42,10,2,11,1,71173821
1966,Regular Season,Hanshin Tigers,18,"Ishidoko, Mikio",P,14,1,1,0.000,0.000,0.000,0.000,0,0,0,0,0,0,0,0,0,0,0,0,0,0,0,0,0,71173822
1966,Regular Season,Kintetsu Buffaloes,6,"Shimada, Koji",PH,64,89,86,0.163,0.191,0.256,0.447,2,9,14,8,5,0,1,22,1,0,3,0,19,1,0,0,0,71273800
1966,Regular Season,Sankei Atoms,20,"Tominaga, Tadao",P,6,1,1,0.000,0.000,0.000,0.000,0,0,0,0,0,0,0,0,0,0,0,0,1,0,0,0,0,71273802
1966,Regular Season,Sankei Atoms,45,"Yamamoto, Hiroshi",LF,2,0,0,0.000,,0.000,,0,0,0,0,0,0,0,0,0,0,0,0,0,0,0,0,0,71273822
1966,Regular Season,Kintetsu Buffaloes,38,"Yamada, Katsukuni",PR,61,55,53,0.132,0.148,0.170,0.318,11,3,7,5,2,0,0,9,4,2,1,0,11,0,0,1,0,71273827
1966,Regular Season,Nishitetsu Lions,24,"Inao, Kazuhisa",P,54,44,40,0.075,0.075,0.100,0.175,1,2,3,2,1,0,0,4,0,0,0,0,10,1,0,3,1,71373802
1966,Regular Season,Chunichi Dragons,8,"Eto, Shinichi",LF,102,413,364,0.321,0.399,0.585,0.984,51,91,117,74,16,1,26,213,1,1,43,15,30,9,4,0,2,71373808
1966,Regular Season,Hanshin Tigers,36,"Eda, Shoji",CF,6,0,0,0.000,,0.000,,0,0,0,0,0,0,0,0,0,0,0,0,0,0,0,0,0,71373820
1966,Regular Season,Hankyu Braves,46,"Sasaki, Seigo",P,6,0,0,0.000,0.000,0.000,0.000,0,0,0,0,0,0,0,0,0,0,0,0,0,0,0,0,0,71373822
1966,Regular Season,Hankyu Braves,27,"Windhorn, Gordie",LF,121,433,399,0.256,0.303,0.391,0.694,52,44,102,71,19,1,11,156,8,4,25,3,35,5,2,5,2,71373829
1966,Regular Season,Tokyo Orions,9,"Nishiyama, Kazuyoshi",PH,42,41,39,0.154,0.175,0.179,0.354,0,3,6,5,1,0,0,7,0,0,1,0,8,0,0,0,1,71473802
1966,Japan Series,Nankai Hawks,34,"Miura, Kiyohiro",P,3,,0,0.000,,0.000,,,0,0,0,0,0,0,0,0,,0,,0,,,,,71473804
1966,Regular Season,Nankai Hawks,34,"Miura, Kiyohiro",P,53,64,57,0.123,0.180,0.140,0.320,1,3,7,6,1,0,0,8,1,0,3,0,20,1,1,3,0,71473804
1966,Japan Series,Yomiuri Giants,5,"Yanagida, Toshio",LF,5,,17,0.235,,0.471,,,1,4,2,1,0,1,8,0,,3,,3,,,,,71473808
1966,Regular Season,Yomiuri Giants,5,"Yanagida, Toshio",LF,96,207,180,0.206,0.299,0.322,0.621,22,18,37,26,6,0,5,58,3,7,21,2,40,1,3,3,0,71473808
1966,Regular Season,Yomiuri Giants,49,"Yoshida, Takashi",C,1,2,2,0.000,0.000,0.000,0.000,0,0,0,0,0,0,0,0,0,0,0,0,2,0,0,0,0,71473820
1966,Regular Season,Toei Flyers,21,"Dobashi, Masayuki",P,22,41,37,0.108,0.108,0.135,0.243,2,1,4,3,1,0,0,5,0,0,0,0,9,1,0,4,0,71473825
1966,Regular Season,Hankyu Braves,17,"Matsumoto, Teruo",P,15,1,1,0.000,0.000,0.000,0.000,0,0,0,0,0,0,0,0,0,0,0,0,1,0,0,0,0,71473829
1966,Regular Season,Nishitetsu Lions,9,"Kido, Norifumi",3B,117,187,169,0.237,0.291,0.325,0.616,12,12,40,29,8,2,1,55,4,2,13,0,36,1,0,4,1,71573804
1966,Regular Season,Hiroshima Carp,1,"Koba, Takeshi",2B,135,576,527,0.247,0.296,0.317,0.613,58,39,130,105,16,6,3,167,15,16,36,1,26,7,1,9,3,71573806
1966,Regular Season,Hiroshima Carp,28,"Kinugasa, Sachio",PH,32,40,34,0.147,0.275,0.294,0.569,3,2,5,1,3,1,0,10,1,0,4,0,9,1,2,0,0,71573820
1966,Regular Season,Taiyo Whales,63,"Shibata, Nobuo",PR,1,0,0,0.000,,0.000,,0,0,0,0,0,0,0,0,0,0,0,0,0,0,0,0,0,71573822
1966,Regular Season,Tokyo Orions,39,"Satomi, Susumu",RF,1,0,0,0.000,0.000,0.000,0.000,0,0,0,0,0,0,0,0,0,0,0,0,0,0,0,0,0,71573827
1966,Japan Series,Nankai Hawks,44,"Karasaki, Nobuo",PR,5,,4,0.000,,0.000,,,0,0,0,0,0,0,0,0,,0,,3,,,,,71573829
1966,Regular Season,Nankai Hawks,44,"Karasaki, Nobuo",PR,88,73,65,0.200,0.268,0.231,0.499,17,3,13,11,2,0,0,15,12,4,5,0,25,0,1,2,0,71573829
1966,Regular Season,Hiroshima Carp,7,"Yamamoto, Kazuyoshi",LF,123,497,424,0.300,0.398,0.474,0.872,55,70,127,85,25,2,15,201,2,2,61,8,23,5,8,0,4,71673823
1966,Japan Series,Nankai Hawks,4,"Hadley, Kent",1B,6,,22,0.182,,0.364,,,4,4,2,1,0,1,8,0,,2,,3,,,,,71673825
1966,Regular Season,Nankai Hawks,4,"Hadley, Kent",1B,127,487,438,0.279,0.342,0.443,0.785,44,53,122,87,16,1,18,194,3,1,36,1,89,9,6,4,3,71673825
1966,Regular Season,Tokyo Orions,14,"Ryu, Takayuki",P,26,2,2,0.000,0.000,0.000,0.000,0,0,0,0,0,0,0,0,0,0,0,0,0,0,0,0,0,71673829
1966,Regular Season,Nankai Hawks,7,"Tanaka, Tatsuhiko",3B,2,2,2,0.000,0.000,0.000,0.000,1,0,0,0,0,0,0,0,0,0,0,0,2,0,0,0,0,71773820
1966,Japan Series,Yomiuri Giants,28,"Shiobara, Akira",PH,3,,2,0.000,,0.000,,,0,0,0,0,0,0,0,0,,0,,0,,,,,71773821
1966,Regular Season,Yomiuri Giants,28,"Shiobara, Akira",PH,58,79,72,0.167,0.211,0.208,0.419,4,7,12,10,1,1,0,15,1,1,2,0,7,1,2,1,2,71773821
1966,Regular Season,Nankai Hawks,10,"Tasaka, Masaaki",PR,1,0,0,0.000,0.000,0.000,0.000,0,0,0,0,0,0,0,0,0,0,0,0,0,0,0,0,0,71773822
1966,Regular Season,Sankei Atoms,14,"Takayama, Tadakatsu",RF,108,286,274,0.245,0.258,0.391,0.649,23,28,67,47,8,4,8,107,0,1,5,0,40,9,0,4,3,71773827
1966,Regular Season,Sankei Atoms,29,"Sato, Susumu",P,42,77,66,0.106,0.203,0.197,0.400,6,2,7,3,3,0,1,13,0,0,8,0,23,1,0,3,0,71773829
1966,Regular Season,Sankei Atoms,25,"Shimano, Masanobu",C,32,44,41,0.122,0.163,0.171,0.334,0,4,5,3,2,0,0,7,0,0,2,0,14,0,0,1,0,71973808
1966,Regular Season,Sankei Atoms,34,"Tojo, Fumihiro",2B,91,212,184,0.207,0.270,0.245,0.515,20,4,38,32,5,1,0,45,5,7,15,0,26,0,1,12,0,71973820
1966,Regular Season,Hankyu Braves,3,"Nagaike, Tokuji",CF,68,206,198,0.263,0.284,0.439,0.723,18,22,52,35,6,4,7,87,1,2,5,0,29,3,1,2,0,71973822
1966,Regular Season,Nishitetsu Lions,29,"Tanaka, Tsutomu",P,58,103,97,0.155,0.188,0.258,0.446,8,7,15,9,4,0,2,25,0,0,4,0,26,1,0,2,0,71973823
1966,Regular Season,Taiyo Whales,18,"Sasaki, Kichiro",P,38,43,40,0.125,0.125,0.225,0.350,1,5,5,3,1,0,1,9,0,0,0,0,8,0,0,3,0,71973825
1966,Regular Season,Taiyo Whales,14,"Sekine, Tomo",PH,54,60,53,0.189,0.259,0.264,0.523,4,5,10,8,1,0,1,14,1,0,5,0,11,2,0,1,1,71973829
1966,Regular Season,Hanshin Tigers,28,"Muroyama, Konosuke",CF,19,27,23,0.130,0.231,0.174,0.405,4,0,3,2,1,0,0,4,1,0,3,0,8,1,0,1,0,73173825
1966,Regular Season,Kintetsu Buffaloes,9,"Yoshizawa, Takeo",C,91,237,219,0.205,0.253,0.279,0.532,18,19,45,36,5,1,3,61,1,2,12,5,28,6,2,1,3,73573809
1966,Regular Season,Taiyo Whales,39,"Doi, Kiyoshi",C,61,100,95,0.189,0.222,0.221,0.443,7,4,18,15,3,0,0,21,0,1,4,1,13,1,0,1,0,81083802
1966,Regular Season,Nishitetsu Lions,14,"Honma, Masaru",P,27,4,3,0.333,0.333,0.333,0.666,0,0,1,1,0,0,0,1,0,0,0,0,1,0,0,1,0,81083806
1966,Regular Season,Taiyo Whales,53,"Furuta, Tadashi",PR,28,4,4,0.000,0.000,0.000,0.000,6,0,0,0,0,0,0,0,0,0,0,0,1,0,0,0,0,81083820
1966,Regular Season,Toei Flyers,32,"Moriyasu, Toshiaki",P,46,68,64,0.156,0.169,0.234,0.403,4,5,10,7,2,0,1,15,0,0,1,0,18,2,0,3,0,81083822
1966,Regular Season,Hiroshima Carp,27,"Yagi, Takashi",RF,38,5,4,0.500,0.600,0.500,1.100,2,1,2,2,0,0,0,2,0,1,1,0,1,0,0,0,0,81083827
1966,Regular Season,Chunichi Dragons,34,"Noguchi, Katsuharu",1B,3,0,0,0.000,,0.000,,0,0,0,0,0,0,0,0,0,0,0,0,0,0,0,0,0,81083829
1966,Regular Season,Taiyo Whales,48,"Imai, Tsutomu",PH,16,15,15,0.067,0.067,0.067,0.134,1,0,1,1,0,0,0,1,0,0,0,0,10,0,0,0,0,81183820
1966,Regular Season,Hiroshima Carp,51,"Kawauchi, Kazutomi",1B,13,4,4,0.250,0.250,0.250,0.500,0,0,1,1,0,0,0,1,0,0,0,0,0,1,0,0,0,81183822
1966,Regular Season,Nishitetsu Lions,36,"Ueda, Seisaku",PH,36,35,32,0.281,0.324,0.344,0.668,0,4,9,7,2,0,0,11,0,0,2,0,7,1,0,0,1,81183823
1966,Regular Season,Kintetsu Buffaloes,11,"Ito, Yukio",P,38,25,24,0.083,0.120,0.208,0.328,1,2,2,1,0,0,1,5,0,0,0,0,10,0,1,0,0,81183825
1966,Regular Season,Yomiuri Giants,7,"Ohashi, Isao",C,42,62,60,0.267,0.290,0.300,0.590,1,5,16,14,2,0,0,18,0,1,1,0,11,3,1,0,0,81183827
1966,Regular Season,Hiroshima Carp,9,"Morinaga, Katsuya",RF,113,303,273,0.260,0.322,0.322,0.644,19,21,71,61,6,1,3,88,2,0,23,2,22,10,2,1,4,81283806
1966,Regular Season,Nishitetsu Lions,19,"Yamamoto, Hideichi",SS,42,43,39,0.231,0.286,0.231,0.517,3,0,9,9,0,0,0,9,1,0,3,0,4,0,0,1,0,81283821
1966,Regular Season,Sankei Atoms,22,"Wakebe, Yoshio",RF,69,151,130,0.177,0.282,0.223,0.505,6,10,23,19,3,0,1,29,0,2,18,0,26,5,1,1,1,81283827
1966,Japan Series,Yomiuri Giants,1,"Oh, Sadaharu",1B,6,,22,0.318,,0.636,,,4,7,4,1,0,2,14,1,,7,,5,,,,,81383808
1966,Regular Season,Yomiuri Giants,1,"Oh, Sadaharu",1B,129,549,396,0.311,0.499,0.715,1.214,111,116,123,60,14,1,48,283,9,4,142,41,51,5,7,0,4,81383808
1966,Regular Season,Hankyu Braves,47,"Okada, Yukiyoshi",C,6,2,2,0.000,0.000,0.000,0.000,1,0,0,0,0,0,0,0,0,0,0,0,0,0,0,0,0,81383820
1966,Regular Season,Kintetsu Buffaloes,45,"Kubo, Masahiro",P,19,18,14,0.000,0.067,0.000,0.067,0,0,0,0,0,0,0,0,0,0,1,0,9,0,0,3,0,81383821
1966,Regular Season,Toei Flyers,8,"Zimmer, Don",SS,87,213,203,0.182,0.213,0.325,0.538,14,20,37,26,2,0,9,66,0,2,8,2,41,11,0,2,0,81383822
1966,Regular Season,Taiyo Whales,7,"Osada, Yukio",LF,98,284,261,0.245,0.289,0.349,0.638,15,28,64,47,12,0,5,91,0,4,15,2,30,11,1,2,5,81383823
1966,Regular Season,Hiroshima Carp,40,"Kubo, Shoji",C,76,102,91,0.209,0.273,0.308,0.581,3,6,19,15,1,1,2,28,0,1,7,0,11,3,1,3,0,81383827
1966,Regular Season,Nishitetsu Lions,17,"Tamazukuri, Yoji",CF,124,359,320,0.225,0.289,0.303,0.592,29,26,72,57,9,2,4,97,4,9,28,2,45,3,1,8,2,81483800
1966,Regular Season,Hankyu Braves,7,"Moroki, Motohiro",PH,17,22,21,0.143,0.143,0.190,0.333,0,0,3,2,1,0,0,4,0,0,0,0,2,0,0,1,0,81483804
1966,Regular Season,Taiyo Whales,22,"Nishi, Mitsuo",P,23,14,14,0.286,0.286,0.286,0.572,1,1,4,4,0,0,0,4,0,0,0,0,3,0,0,0,0,81483825
1966,Regular Season,Chunichi Dragons,28,"Kawamura, Yasuhiko",P,39,49,43,0.140,0.159,0.233,0.392,3,1,6,3,2,1,0,10,0,0,1,0,3,0,0,5,0,81583808
1966,Regular Season,Hiroshima Carp,19,"Sasaki, Katsutoshi",RF,6,0,0,0.000,,0.000,,0,0,0,0,0,0,0,0,0,0,0,0,0,0,0,0,0,81583821
1966,Regular Season,Yomiuri Giants,65,"Sugawara, Katsuya",P,3,4,4,0.000,0.000,0.000,0.000,0,0,0,0,0,0,0,0,0,0,0,0,3,0,0,0,0,81583822
1966,Japan Series,Nankai Hawks,2,"Koike, Kenji",SS,6,,23,0.348,,0.652,,,4,8,5,1,0,2,15,0,,2,,5,,,,,81583823
1966,Regular Season,Nankai Hawks,2,"Koike, Kenji",SS,132,504,436,0.216,0.313,0.303,0.616,43,48,94,72,13,2,7,132,6,8,59,3,70,11,3,4,2,81583823
1966,Regular Season,Chunichi Dragons,25,"Okano, Yoshimitsu",PH,2,2,2,0.500,0.500,0.500,1.000,1,0,1,1,0,0,0,1,0,0,0,0,0,0,0,0,0,81583825
1966,Regular Season,Toei Flyers,9,"Suzuki, Norio",C,26,32,31,0.226,0.250,0.323,0.573,1,5,7,6,0,0,1,10,0,0,1,0,9,1,0,0,0,81583827
1966,Regular Season,Tokyo Orions,6,"Kodama, Yoshihiko",3B,39,42,42,0.238,0.238,0.262,0.500,4,0,10,9,1,0,0,11,0,0,0,0,6,0,0,0,0,81583829
1966,Regular Season,Hanshin Tigers,5,"Fujimoto, Katsumi",PH,66,119,100,0.210,0.336,0.300,0.636,6,9,21,14,6,0,1,30,1,0,18,0,30,1,1,0,0,81683802
1966,Regular Season,Hanshin Tigers,19,"Fujii, Eiji",RF,125,484,441,0.281,0.337,0.410,0.747,53,51,124,89,22,4,9,181,2,4,37,5,34,12,0,3,3,81683825
1966,Regular Season,Hiroshima Carp,12,"Tanaka, Takashi",C,124,340,320,0.206,0.246,0.234,0.480,16,20,66,59,6,0,1,75,1,4,17,2,36,6,0,3,0,81783804
1966,Regular Season,Taiyo Whales,49,"Tsuji, Yoshiyuki",P,6,0,0,0.000,,0.000,,0,0,0,0,0,0,0,0,0,0,0,0,0,0,0,0,0,81783820
1966,Regular Season,Chunichi Dragons,1,"Takagi, Morimichi",2B,113,491,457,0.306,0.340,0.479,0.819,82,59,140,100,18,5,17,219,20,9,21,1,37,9,2,7,4,81783821
1966,Regular Season,Hiroshima Carp,35,"Takeno, Mitsuhiro",LF,94,66,62,0.210,0.234,0.242,0.476,9,1,13,11,2,0,0,15,1,0,2,0,8,0,0,2,0,81783822
1966,Regular Season,Taiyo Whales,2,"Sugimoto, Kimitaka",PH,35,46,41,0.171,0.209,0.244,0.453,2,1,7,6,0,0,1,10,1,0,2,0,11,1,0,3,0,81783823
1966,Regular Season,Nishitetsu Lions,35,"Shimosuzaki, Shoichi",LF,57,85,81,0.222,0.241,0.346,0.587,4,6,18,12,4,0,2,28,2,0,2,0,17,0,0,2,0,81783829
1966,Regular Season,Sankei Atoms,8,"Maruyama, Kanji",LF,124,508,461,0.228,0.288,0.293,0.581,47,19,105,86,12,3,4,135,6,11,31,0,54,9,8,8,0,81883825
1966,Japan Series,Yomiuri Giants,30,"Sudo, Yutaka",2B,2,,1,1.000,,1.000,,,0,1,1,0,0,0,1,0,,0,,0,,,,,81983802
1966,Regular Season,Yomiuri Giants,30,"Sudo, Yutaka",2B,70,118,98,0.194,0.282,0.245,0.527,4,6,19,15,3,1,0,24,3,0,11,2,10,4,1,8,0,81983802
1966,Japan Series,Yomiuri Giants,26,"Nakamura, Minoru",P,1,,2,0.000,,0.000,,,0,0,0,0,0,0,0,0,,1,,1,,,,,81983804
1966,Regular Season,Yomiuri Giants,26,"Nakamura, Minoru",P,32,65,56,0.161,0.175,0.179,0.354,2,9,9,8,1,0,0,10,0,0,1,0,21,1,0,6,2,81983804
1966,Japan Series,Yomiuri Giants,3,"Nagashima, Shigeo",3B,6,,25,0.440,,0.760,,,9,11,7,2,0,2,19,0,,4,,1,,,,,81983806
1966,Regular Season,Yomiuri Giants,3,"Nagashima, Shigeo",3B,128,543,474,0.344,0.419,0.586,1.005,83,105,163,103,31,3,26,278,14,7,58,14,39,17,3,0,8,81983806
1966,Regular Season,Kintetsu Buffaloes,4,"Komori, Kosei",PH,11,12,12,0.000,0.000,0.000,0.000,0,1,0,0,0,0,0,0,0,0,0,0,6,0,0,0,0,81983809
1966,Regular Season,Taiyo Whales,28,"Niihari, Shinji",P,37,9,7,0.143,0.250,0.143,0.393,0,1,1,1,0,0,0,1,0,1,1,0,3,0,0,1,0,81983820
1966,Regular Season,Chunichi Dragons,6,"Hirono, Isao",1B,100,395,365,0.277,0.328,0.449,0.777,45,57,101,67,18,3,13,164,3,1,25,3,75,2,3,1,1,81983822
1966,Regular Season,Tokyo Orions,4,"Shinohara, Yoshiaki",SS,94,283,268,0.209,0.240,0.280,0.520,18,8,56,42,11,1,2,75,1,1,10,2,29,4,1,3,1,81983825
1966,Regular Season,Toei Flyers,41,"Haku, Jinten",CF,126,382,363,0.262,0.293,0.336,0.629,42,23,95,77,13,1,4,122,18,5,12,0,30,16,4,3,0,81983827
1966,Regular Season,Hankyu Braves,18,"Yoneda, Tetsuya",P,56,108,97,0.237,0.260,0.320,0.580,9,14,23,18,3,1,1,31,0,0,3,0,25,4,0,7,1,83183802
1966,Regular Season,Nishitetsu Lions,23,"Yoda, Yoshinobu",P,37,32,25,0.160,0.192,0.160,0.352,4,0,4,4,0,0,0,4,0,0,1,0,12,0,0,6,0,83183825
1966,Regular Season,Hankyu Braves,34,"Hamazaki, Masato",P,23,10,9,0.222,0.222,0.222,0.444,0,0,2,2,0,0,0,2,0,0,0,0,4,1,0,1,0,91093820
1966,Regular Season,Chunichi Dragons,12,"Hamanaka, Yoshikazu",PR,78,13,13,0.154,0.154,0.154,0.308,15,0,2,2,0,0,0,2,4,4,0,0,2,0,0,0,0,91093821
1966,Japan Series,Yomiuri Giants,21,"Horiuchi, Tsuneo",P,1,,1,0.000,,0.000,,,0,0,0,0,0,0,0,0,,0,,1,,,,,91093822
1966,Regular Season,Yomiuri Giants,21,"Horiuchi, Tsuneo",P,33,69,64,0.250,0.250,0.422,0.672,6,6,16,9,5,0,2,27,0,0,0,0,16,1,0,5,0,91093822
1966,Regular Season,Sankei Atoms,17,"Suzuki, Kiyotake",P,62,42,39,0.103,0.146,0.103,0.249,1,0,4,4,0,0,0,4,0,0,2,0,16,0,0,1,0,91093825
1966,Regular Season,Toei Flyers,39,"Misawa, Kesaharu",PH,22,19,18,0.389,0.421,0.389,0.810,2,2,7,7,0,0,0,7,0,1,1,0,4,1,0,0,0,91093827
1966,Regular Season,Hanshin Tigers,17,"Tomie, Hajime",RF,7,9,7,0.000,0.125,0.000,0.125,0,1,0,0,0,0,0,0,0,0,0,0,3,0,1,0,1,91093829
1966,Regular Season,Hankyu Braves,19,"Akimoto, Yusaku",P,43,14,13,0.077,0.143,0.077,0.220,1,1,1,1,0,0,0,1,0,0,1,0,9,0,0,0,0,91193802
1966,Regular Season,Tokyo Orions,25,"Iishi, Reiji",RF,111,342,316,0.256,0.303,0.411,0.714,29,39,81,52,19,0,10,130,1,4,16,0,54,8,5,4,1,91193820
1966,Regular Season,Yomiuri Giants,22,"Eto, Shozo",2B,14,23,23,0.130,0.130,0.130,0.260,0,1,3,3,0,0,0,3,0,0,0,0,2,1,0,0,0,91193822
1966,Regular Season,Kintetsu Buffaloes,33,"Inoe, Katsumi",P,5,1,1,0.000,0.000,0.000,0.000,0,0,0,0,0,0,0,0,0,0,0,0,1,0,0,0,0,91193823
1966,Regular Season,Hanshin Tigers,9,"Ando, Moto",CF,111,305,284,0.194,0.234,0.254,0.488,17,16,55,44,8,0,3,72,5,5,15,0,29,7,0,6,0,91193825
1966,Regular Season,Sankei Atoms,44,"Aizawa, Masaru",P,19,4,2,0.000,0.333,0.000,0.333,0,0,0,0,0,0,0,0,0,0,1,0,0,0,0,1,0,91193829
1966,Regular Season,Hiroshima Carp,32,"Miyoshi, Yukio",P,20,0,0,0.000,,0.000,,0,0,0,0,0,0,0,0,0,0,0,0,0,0,0,0,0,91293820
1966,Regular Season,Hiroshima Carp,2,"Miyagawa, Takao",PH,95,114,96,0.292,0.382,0.417,0.799,9,28,28,22,3,0,3,40,0,2,6,0,12,3,8,1,3,91293821
1966,Regular Season,Tokyo Orions,13,"Yokoyama, Kojiro",P,8,0,0,0.000,0.000,0.000,0.000,0,0,0,0,0,0,0,0,0,0,0,0,0,0,0,0,0,91293822
1966,Regular Season,Tokyo Orions,41,"Yamada, Masao",PH,6,6,5,0.200,0.333,0.400,0.733,1,0,1,0,1,0,0,2,0,0,1,0,2,0,0,0,0,91293827
1966,Regular Season,Sankei Atoms,33,"Hanzawa, Shiro",P,6,0,0,0.000,,0.000,,0,0,0,0,0,0,0,0,0,0,0,0,0,0,0,0,0,91293829
1966,Regular Season,Kintetsu Buffaloes,23,"Osada, Hiroyuki",P,28,13,12,0.167,0.231,0.167,0.398,2,1,2,2,0,0,0,2,0,0,1,0,3,0,0,0,0,91393806
1966,Regular Season,Nishitetsu Lions,22,"Ozaki, Masashi",P,4,0,0,0.000,0.000,0.000,0.000,0,0,0,0,0,0,0,0,0,0,0,0,0,0,0,0,0,91393820
1966,Regular Season,Tokyo Orions,17,"Sato, Motohiko",P,10,9,8,0.250,0.250,0.250,0.500,1,0,2,2,0,0,0,2,0,0,0,0,2,0,0,1,0,91393822
1966,Regular Season,Tokyo Orions,36,"Osaka, Masahiko",RF,2,1,1,0.000,0.000,0.000,0.000,0,0,0,0,0,0,0,0,0,0,0,0,0,0,0,0,0,91393823
1966,Regular Season,Tokyo Orions,44,"Ishitani, Kunihiro",LF,1,2,2,0.000,0.000,0.000,0.000,0,0,0,0,0,0,0,0,0,0,0,0,0,1,0,0,0,91393825
1966,Regular Season,Kintetsu Buffaloes,43,"Kikukawa, Shojiro",2B,28,28,27,0.148,0.179,0.185,0.364,2,1,4,3,1,0,0,5,0,0,1,0,4,2,0,0,0,91393827
1966,Regular Season,Chunichi Dragons,13,"Ogawa, Kentaro",P,45,86,78,0.090,0.123,0.103,0.226,3,4,7,6,1,0,0,8,0,1,3,0,32,1,0,4,1,91393829
1966,Regular Season,Toei Flyers,5,"Larker, Norm",1B,121,397,359,0.253,0.313,0.343,0.656,24,39,91,72,12,1,6,123,0,0,29,2,31,11,2,5,2,91493820
1966,Regular Season,Nishitetsu Lions,27,"Miyoshi, Mamoru",CF,114,203,192,0.219,0.257,0.333,0.590,19,11,42,30,6,2,4,64,11,7,10,1,44,1,0,1,0,91493823
1966,Regular Season,Hanshin Tigers,45,"Nakajima, Hiroki",PR,1,0,0,0.000,,0.000,,0,0,0,0,0,0,0,0,0,0,0,0,0,0,0,0,0,91493825
1966,Regular Season,Hiroshima Carp,24,"Miura, Kazumi",CF,1,0,0,0.000,,0.000,,0,0,0,0,0,0,0,0,0,0,0,0,0,0,0,0,0,91493829
1966,Regular Season,Nishitetsu Lions,52,"Shimada, Shinya",PH,1,1,1,0.000,0.000,0.000,0.000,0,0,0,0,0,0,0,0,0,0,0,0,1,0,0,0,0,91593822
1966,Regular Season,Hanshin Tigers,16,"Miyake, Nobukazu",3B,25,25,24,0.167,0.200,0.208,0.408,1,2,4,3,1,0,0,5,1,0,0,0,4,1,1,0,0,91693807
1966,Regular Season,Hanshin Tigers,4,"Bacque, Gene",P,40,83,79,0.089,0.100,0.101,0.201,1,2,7,6,1,0,0,8,0,0,1,0,18,0,0,3,0,91693825
1966,Regular Season,Taiyo Whales,8,"Kuwata, Takeshi",3B,119,465,441,0.238,0.270,0.435,0.705,48,64,105,68,12,0,25,192,3,2,18,1,70,13,1,2,3,91793808
1966,Regular Season,Hankyu Braves,33,"Kajimoto, Takao",P,42,46,45,0.222,0.239,0.222,0.461,0,2,10,10,0,0,0,10,0,0,1,0,9,2,0,0,0,91793809
1966,Regular Season,Sankei Atoms,39,"Daigo, Toshimitsu",RF,3,0,0,0.000,,0.000,,0,0,0,0,0,0,0,0,0,0,0,0,0,0,0,0,0,91793820
1966,Regular Season,Taiyo Whales,6,"Stanka, Joe",P,33,40,37,0.108,0.154,0.108,0.262,1,0,4,4,0,0,0,4,0,0,1,0,16,1,1,1,0,91793821
1966,Regular Season,Nishitetsu Lions,48,"Tanaka, Tatsuji",SS,17,10,9,0.000,0.100,0.000,0.100,3,0,0,0,0,0,0,0,2,0,0,0,3,0,1,0,0,91793822
1966,Regular Season,Hanshin Tigers,31,"Takigawa, Hiromi",CF,57,52,48,0.146,0.196,0.167,0.363,4,3,7,6,1,0,0,8,4,1,2,0,14,0,1,0,1,91793827
1966,Regular Season,Chunichi Dragons,41,"Sano, Takuro",PH,9,8,8,0.000,0.000,0.000,0.000,0,0,0,0,0,0,0,0,0,0,0,0,3,0,0,0,0,91793829
1966,Regular Season,Kintetsu Buffaloes,32,"Makino, Noboru",P,23,6,5,0.000,0.167,0.000,0.167,0,0,0,0,0,0,0,0,0,0,1,0,4,0,0,0,0,91893802
1966,Regular Season,Yomiuri Giants,2,"Hirooka, Tatsuro",SS,11,34,31,0.129,0.206,0.194,0.400,4,2,4,2,2,0,0,6,1,0,3,0,7,1,0,0,0,91893809
1966,Japan Series,Yomiuri Giants,17,"Masuda, Akio",P,2,,3,0.333,,0.333,,,0,1,1,0,0,0,1,0,,0,,0,,,,,91893825
1966,Regular Season,Yomiuri Giants,17,"Masuda, Akio",P,30,13,13,0.154,0.154,0.154,0.308,0,0,2,2,0,0,0,2,0,0,0,0,4,0,0,0,0,91893825
1966,Regular Season,Hankyu Braves,39,"Nakazawa, Shinji",C,1,0,0,0.000,0.000,0.000,0.000,0,0,0,0,0,0,0,0,0,0,0,0,0,0,0,0,0,91993820
1966,Regular Season,Toei Flyers,27,"Hamaguchi, Haruyoshi",2B,6,12,11,0.273,0.333,0.273,0.606,0,0,3,3,0,0,0,3,0,0,1,0,1,0,0,0,0,91993822
1966,Regular Season,Hankyu Braves,57,"Saito, Katsuo",RF,41,0,0,0.000,0.000,0.000,0.000,0,0,0,0,0,0,0,0,0,0,0,0,0,0,0,0,0,91993825
1966,Regular Season,Hiroshima Carp,34,"Sonoda, Toshihiko",PH,28,20,19,0.105,0.150,0.263,0.413,2,1,2,1,0,0,1,5,0,0,1,0,4,0,0,0,0,91993829
1966,Regular Season,Hiroshima Carp,5,"Fujii, Hiromu",1B,104,310,263,0.209,0.318,0.380,0.698,30,38,55,36,5,2,12,100,3,1,37,1,50,5,5,5,0,93393800
