Season,Game Type,Team,#,Name,W,L,S,HLD,HP,G,IP,WPCT,ERA,WHIP,R/9,R/G,H/9,HR/9,K/9,BB/9,K/BB,BF,H,R,ER,HR,K,BB,IBB,DB,WP,BLK,CG,SHO,No BB,GS,GF,PlayerID
1974,Regular Season,Kintetsu Buffaloes,17,"Bando, Satomi",10,10,3,,,36,162.1,0.500,3.560,1.158,3.659,1.833,8.205,0.887,3.548,2.218,1.600,656,148,66,64,16,64,40,,3,5,0,6,0,0,22,9,01003821
1974,Regular Season,Hiroshima Toyo Carp,12,"Matsubayashi, Shigeru",1,2,0,,,30,57.0,0.333,2.840,1.211,3.316,0.700,7.421,1.105,5.053,3.474,1.455,230,47,21,18,7,32,22,,5,0,0,0,0,0,4,4,01003847
1974,Regular Season,Kintetsu Buffaloes,21,"Igarashi, Hideo",0,0,0,,,5,5.2,0.000,0.000,2.118,0.000,0.000,17.471,0.000,3.176,1.588,2.000,25,11,0,0,0,2,1,,0,0,0,0,0,0,0,4,01103826
1974,Regular Season,Hanshin Tigers,37,"Ikejima, Kazuhiko",0,0,0,,,1,2.0,0.000,4.500,1.000,13.500,3.000,4.500,4.500,0.000,4.500,0.000,9,1,3,1,1,0,1,,0,0,0,0,0,0,0,0,01103841
1974,Regular Season,Hiroshima Toyo Carp,11,"Ikegaya, Kojiro",2,4,0,,,22,46.0,0.333,5.090,1.478,5.870,1.364,9.978,1.565,4.891,3.326,1.471,200,51,30,26,8,25,17,,1,0,1,1,0,0,6,7,01103849
1974,Regular Season,Nankai Hawks,11,"Ueda, Takuzo",4,3,1,,,32,63.2,0.571,2.250,1.209,3.393,0.750,7.209,0.848,3.393,3.675,0.923,259,51,24,16,6,24,26,,0,1,1,0,0,0,0,8,01303824
1974,Regular Season,Nankai Hawks,16,"Emoto, Takenori",13,12,0,,,34,216.2,0.520,3.150,1.366,3.905,2.765,7.685,0.789,4.818,4.611,1.045,921,185,94,76,19,116,111,,14,5,3,9,0,0,33,0,01303843
1974,Regular Season,Taiyo Whales,45,"Okue, Hideyuki",6,5,0,,,51,100.2,0.545,3.210,1.341,4.113,0.902,7.957,0.805,3.397,4.113,0.826,433,89,46,36,9,38,46,,6,2,1,0,0,0,2,13,01303847
1974,Regular Season,Hiroshima Toyo Carp,50,"Omata, Susumu",0,0,0,,,1,0.2,0.000,13.500,6.000,13.500,1.000,27.000,0.000,0.000,27.000,0.000,6,2,1,1,0,0,2,,0,0,0,0,0,0,0,0,01303849
1974,Regular Season,Hankyu Braves,41,"Watanabe, Hiroki",1,0,0,,,35,54.0,1.000,2.670,1.296,3.333,0.571,7.000,0.333,4.833,4.667,1.036,225,42,20,16,2,29,28,,2,3,0,0,0,0,2,7,01403845
1974,Regular Season,Kintetsu Buffaloes,49,"Kato, Hideo",1,4,3,,,38,66.0,0.200,3.680,1.136,3.682,0.711,7.500,0.955,4.773,2.727,1.750,266,55,27,27,7,35,20,,2,0,1,0,0,0,0,16,01503824
1974,Regular Season,Taiyo Whales,24,"Kotani, Tadakatsu",0,4,0,,,33,54.1,0.000,4.670,1.307,4.969,0.909,8.448,1.491,6.129,3.313,1.850,232,51,30,28,9,37,20,,3,0,0,0,0,0,1,10,01503826
1974,Regular Season,Yomiuri Giants,21,"Takahashi, Kazumi",2,11,0,,,37,121.1,0.154,5.130,1.541,5.489,2.000,10.088,0.964,5.563,3.783,1.471,547,136,74,69,13,75,51,,8,1,0,2,1,0,22,6,01703820
1974,Regular Season,Taiheiyo Club Lions,21,"Higashio, Osamu",6,9,0,,,27,123.0,0.400,3.440,1.317,4.024,2.037,8.488,0.878,4.244,3.366,1.261,513,116,55,47,12,58,46,,7,1,0,7,1,1,19,7,01903828
1974,Regular Season,Taiyo Whales,33,"Takahashi, Shigeyuki",7,9,2,,,35,125.0,0.438,4.970,1.408,5.544,2.200,10.368,1.224,4.896,2.304,2.125,541,144,77,69,17,68,32,,11,0,1,3,0,0,19,7,01903829
1974,Regular Season,Nippon-Ham Fighters,12,"Fujiwara, Makoto",2,4,3,,,31,53.1,0.333,3.910,1.444,4.388,0.839,8.606,1.013,4.219,4.388,0.962,232,51,26,23,6,25,26,,0,3,0,0,0,0,4,14,11013828
1974,Regular Season,Lotte Orions,38,"Narishige, Haruo",0,2,0,,,14,29.2,0.000,2.700,1.045,3.034,0.714,5.461,0.607,3.944,3.944,1.000,114,18,10,9,2,13,13,,1,0,1,0,0,0,1,5,11013845
1974,Regular Season,Yakult Swallows,33,"Yasuki, Shoji",0,0,0,,,4,8.0,0.000,1.130,1.375,1.125,0.250,9.000,0.000,7.875,3.375,2.333,32,8,1,1,0,7,3,,0,0,0,0,0,0,0,3,11213828
1974,Regular Season,Nippon-Ham Fighters,3,"Ley, Terry",3,2,0,,,13,43.1,0.600,3.350,1.269,3.531,1.308,4.777,0.623,5.815,6.646,0.875,180,23,17,16,3,28,32,,2,2,3,2,0,0,6,2,11213849
1974,Regular Season,Lotte Orions,20,"Kitaru, Masaaki",13,6,2,,,36,201.0,0.684,3.090,1.164,3.537,2.194,8.149,0.761,3.806,2.328,1.635,820,182,79,69,17,85,52,,9,3,1,11,1,1,26,8,11313822
1974,Regular Season,Chunichi Dragons,16,"Ito, Hisatoshi",0,1,0,,,9,17.2,0.000,7.500,1.925,8.151,1.778,13.755,0.509,5.094,3.566,1.429,85,27,16,15,1,10,7,,0,0,0,0,0,0,2,3,11313824
1974,Regular Season,Yakult Swallows,15,"Ishioka, Kozo",6,5,8,,,33,70.1,0.545,2.060,0.896,2.431,0.576,4.863,0.896,6.142,3.199,1.920,265,38,19,16,7,48,25,,1,0,0,0,0,0,1,24,11313829
1974,Regular Season,Nippon-Ham Fighters,41,"Eda, Koichi",0,0,1,,,16,17.0,0.000,4.240,1.176,4.765,0.563,10.059,1.059,5.824,0.529,11.000,69,19,9,8,2,11,1,,1,0,0,0,0,0,0,6,11313847
1974,Regular Season,Chunichi Dragons,27,"Mizutani, Hisanobu",1,1,0,,,33,61.2,0.500,4.060,1.216,4.524,0.939,8.319,1.168,5.984,2.627,2.278,257,57,31,28,8,41,18,,1,0,0,0,0,0,1,8,11413808
1974,Regular Season,Nippon-Ham Fighters,17,"Yamazaki, Takeaki",1,0,0,,,11,9.1,1.000,10.000,1.929,9.643,0.909,10.607,2.893,3.857,6.750,0.571,46,11,10,10,3,4,7,,1,0,0,0,0,0,0,2,11413820
1974,Regular Season,Taiheiyo Club Lions,30,"Maeda, Kosuke",0,0,0,,,4,2.0,0.000,22.500,3.500,22.500,1.250,9.000,4.500,0.000,22.500,0.000,12,2,5,5,1,0,5,,0,0,0,0,0,0,0,0,11413841
1974,Regular Season,Hanshin Tigers,25,"Yamamoto, Kazuyuki",6,8,1,,,32,125.1,0.429,3.380,1.141,3.949,1.719,8.258,1.221,4.668,2.011,2.321,515,115,55,47,17,65,28,,1,0,0,4,1,2,14,3,11413845
1974,Regular Season,Kintetsu Buffaloes,40,"Oba, Takahiro",0,0,0,,,11,15.1,0.000,3.600,1.500,3.522,0.545,7.630,0.587,4.109,5.870,0.700,68,13,6,6,1,7,10,,0,1,1,0,0,0,0,4,11513824
1974,Regular Season,Hiroshima Toyo Carp,15,"Kawabata, Kazuto",0,0,0,,,4,6.0,0.000,4.500,1.500,4.500,0.750,9.000,0.000,4.500,4.500,1.000,28,6,3,3,0,3,3,,2,0,0,0,0,0,0,3,11513826
1974,Regular Season,Hanshin Tigers,47,"Kira, Shuichi",1,0,0,,,7,14.2,1.000,2.400,0.886,2.455,0.571,5.523,0.614,6.750,2.455,2.750,56,9,4,4,1,11,4,,0,0,0,0,0,0,0,1,11513828
1974,Regular Season,Yomiuri Giants,11,"Takahashi, Yoshimasa",2,1,1,,,24,59.0,0.667,2.290,1.085,3.051,0.833,8.085,0.763,4.119,1.678,2.455,240,53,20,15,5,27,11,,0,2,0,1,0,0,7,4,11913824
1974,Regular Season,Chunichi Dragons,17,"Shibuya, Yukiharu",5,5,0,,,40,122.1,0.500,4.500,1.390,4.635,1.575,9.417,1.398,3.973,3.090,1.286,534,128,63,61,19,54,42,,12,0,0,2,1,0,17,8,11913841
1974,Regular Season,Taiyo Whales,16,"Takeuchi, Hiroaki",5,7,1,,,41,127.0,0.417,5.530,1.598,5.882,2.024,9.780,1.417,5.457,4.606,1.185,578,138,83,78,20,77,65,,7,5,1,2,0,0,13,8,11913845
1974,Regular Season,Nippon-Ham Fighters,16,"Niimi, Satoshi",12,14,2,,,41,209.1,0.462,3.830,1.223,4.256,2.415,8.341,1.075,3.182,2.666,1.194,864,194,99,89,25,74,62,,3,1,0,10,3,0,30,4,11913847
1974,Regular Season,Nippon-Ham Fighters,20,"Miyazaki, Shoji",1,1,0,,,17,32.1,0.500,3.380,1.330,4.175,0.882,8.629,1.113,4.175,3.340,1.250,139,31,15,12,4,15,12,,2,1,2,0,0,0,0,4,13113825
1974,Regular Season,Taiyo Whales,15,"Hiraoka, Ichiro",0,0,0,,,8,6.0,0.000,15.000,3.000,15.000,1.250,21.000,4.500,0.000,6.000,0.000,36,14,10,10,3,0,4,,0,0,0,0,0,0,1,1,21023820
1974,Regular Season,Hankyu Braves,14,"Miyamoto, Yukinobu",5,7,3,,,35,103.2,0.417,3.630,1.302,4.254,1.400,7.987,1.042,6.511,3.733,1.744,441,92,49,42,12,75,43,,5,4,0,2,1,0,12,11,21023826
1974,Regular Season,Nippon-Ham Fighters,26,"Miura, Masaki",4,8,0,,,35,76.1,0.333,5.570,1.480,5.895,1.429,10.258,1.179,3.537,3.066,1.154,342,87,50,47,10,30,26,,4,0,0,0,0,0,7,13,21023847
1974,Regular Season,Hankyu Braves,51,"Yamashita, Koji",0,0,0,,,1,5.0,0.000,5.400,1.400,5.400,3.000,9.000,0.000,1.800,3.600,0.500,22,5,3,3,0,1,2,,0,0,1,0,0,0,0,1,21023849
1974,Regular Season,Lotte Orions,11,"Ikeda, Shigeki",0,0,0,,,2,3.0,0.000,18.000,2.333,18.000,3.000,21.000,9.000,3.000,0.000,,16,7,6,6,3,1,0,,0,0,1,0,0,0,0,1,21123826
1974,Regular Season,Hanshin Tigers,56,"Uetsuji, Osamu",0,0,0,,,1,2.0,0.000,13.500,2.000,13.500,3.000,9.000,4.500,4.500,9.000,0.500,9,2,3,3,1,1,2,,0,0,0,0,0,0,0,0,21123845
1974,Regular Season,Hankyu Braves,58,"Ishida, Makoto",1,0,0,,,1,6.0,1.000,4.500,2.167,4.500,3.000,9.000,0.000,4.500,10.500,0.429,31,6,3,3,0,3,7,,1,1,0,0,0,0,1,0,21123849
1974,Regular Season,Nippon-Ham Fighters,13,"Morinaka, Chikara",0,4,0,,,15,26.0,0.000,8.310,1.731,8.654,1.667,12.808,1.038,6.231,2.769,2.250,121,37,25,24,3,18,8,,0,0,0,0,0,0,6,2,21223821
1974,Regular Season,Chunichi Dragons,34,"Murakami, Yoshinori",1,1,0,,,6,15.1,0.500,4.800,1.696,4.696,1.333,11.152,1.761,1.761,4.109,0.429,69,19,8,8,3,3,7,,0,0,0,0,0,0,1,2,21223845
1974,Regular Season,Chunichi Dragons,45,"Okuda, Naoya",0,0,0,,,1,1.0,0.000,9.000,2.000,9.000,1.000,18.000,0.000,0.000,0.000,,4,2,1,1,0,0,0,,0,0,0,0,0,0,0,0,21323847
1974,Regular Season,Hiroshima Toyo Carp,55,"Shiraishi, Shizuo",2,6,0,,,23,66.0,0.250,4.500,1.576,4.773,1.522,9.000,1.364,6.409,5.182,1.237,291,66,35,33,10,47,38,,3,0,0,2,1,0,14,0,21523822
1974,Regular Season,Nippon-Ham Fighters,5,"Takahashi, Hiroshi",0,0,0,,,1,0.1,0.000,0.000,0.000,0.000,0.000,0.000,0.000,0.000,0.000,,1,0,0,0,0,0,0,,0,0,0,0,0,0,0,0,21723820
1974,Regular Season,Nankai Hawks,14,"Sato, Michio",7,8,13,,,68,131.2,0.467,1.910,1.139,2.256,0.485,7.792,0.478,5.263,2.461,2.139,528,114,33,28,7,77,36,,3,1,4,0,0,0,0,58,21723841
1974,Regular Season,Kintetsu Buffaloes,20,"Nakane, Masahiro",0,0,0,,,1,2.1,0.000,9.000,2.143,7.714,2.000,11.571,3.857,0.000,7.714,0.000,10,3,2,2,1,0,2,,0,0,0,0,0,0,0,1,21723847
1974,Regular Season,Nankai Hawks,17,"Toyama, Yoshiaki",0,1,0,,,3,5.0,0.000,10.800,2.800,14.400,2.667,18.000,0.000,7.200,7.200,1.000,27,10,8,6,0,4,4,,0,1,0,0,0,0,1,1,21923841
1974,Regular Season,Chunichi Dragons,32,"Fujisawa, Tetsuya",0,0,0,,,1,0.2,0.000,40.500,4.500,40.500,3.000,27.000,27.000,13.500,13.500,1.000,5,2,3,3,2,1,1,,0,0,0,0,0,0,0,0,21923849
1974,Regular Season,Yakult Swallows,11,"Nishii, Tetsuo",11,6,1,,,35,153.0,0.647,3.180,1.203,3.706,1.800,7.706,0.941,4.235,3.118,1.358,626,131,63,54,16,72,53,,1,0,0,3,0,0,25,7,31033841
1974,Regular Season,Yakult Swallows,18,"Aida, Teruo",0,2,1,,,35,68.2,0.000,3.260,1.325,3.539,0.771,8.782,1.311,4.063,3.146,1.292,283,67,27,25,10,31,24,,2,0,0,0,0,0,5,9,31133843
1974,Regular Season,Hankyu Braves,20,"Ammann, Gene",0,0,0,,,1,3.0,0.000,3.000,2.000,3.000,1.000,9.000,0.000,3.000,9.000,0.333,15,3,1,1,0,1,3,,0,0,0,0,0,0,0,0,31133849
1974,Regular Season,Nankai Hawks,20,"Yamauchi, Shinichi",10,6,0,,,29,184.0,0.625,3.670,1.337,4.500,3.172,8.511,0.783,4.060,3.522,1.153,793,174,92,75,16,83,72,,3,1,0,8,1,1,29,0,31233828
1974,Regular Season,Taiyo Whales,43,"Matsushima, Hideo",0,0,0,,,5,5.0,0.000,5.400,2.000,5.400,0.600,10.800,1.800,3.600,7.200,0.500,25,6,3,3,1,2,4,,0,1,0,0,0,0,0,4,31233845
1974,Regular Season,Chunichi Dragons,18,"Inaba, Mitsuo",4,5,0,,,30,110.0,0.444,3.930,1.255,4.418,1.800,7.936,1.227,6.136,3.355,1.829,459,97,54,48,15,75,41,,5,3,0,3,0,0,17,3,31333843
1974,Regular Season,Taiheiyo Club Lions,11,"Kato, Hajime",12,12,0,,,34,189.0,0.500,2.950,1.280,3.190,1.971,6.857,0.857,5.810,4.667,1.245,787,144,67,62,18,122,98,,7,2,0,7,3,0,26,4,31333845
1974,Regular Season,Taiyo Whales,17,"Yamashita, Ritsuo",9,14,5,,,44,196.1,0.391,4.090,1.345,4.401,2.182,9.031,1.192,4.447,3.071,1.448,831,197,96,89,26,97,67,,7,0,0,5,1,0,26,14,31433824
1974,Regular Season,Chunichi Dragons,21,"Matsumoto, Yukitsura",20,9,0,,,40,236.1,0.690,3.130,1.142,3.504,2.300,8.835,1.104,3.389,1.447,2.342,965,232,92,82,29,89,38,,11,3,0,11,3,2,37,3,31433841
1974,Regular Season,Yomiuri Giants,15,"Yokoyama, Tadao",0,0,0,,,6,12.0,0.000,5.250,1.333,6.000,1.333,9.750,1.500,3.750,2.250,1.667,51,13,8,7,2,5,3,,1,0,0,0,0,0,1,4,31433845
1974,Regular Season,Taiheiyo Club Lions,18,"Kawahara, Akira",5,10,1,,,30,142.0,0.333,3.610,1.352,3.866,2.033,8.937,0.887,5.070,3.232,1.569,590,141,61,57,14,80,51,,0,5,2,4,1,1,20,4,31533826
1974,Regular Season,Chunichi Dragons,22,"Watabe, Tsukasa",0,0,0,,,13,16.0,0.000,7.310,1.688,7.313,1.000,12.375,1.688,8.438,2.813,3.000,72,22,13,13,3,15,5,,0,1,0,0,0,0,0,7,31633843
1974,Regular Season,Kintetsu Buffaloes,1,"Suzuki, Keishi",12,15,1,,,36,229.0,0.444,3.220,1.148,3.537,2.500,7.664,0.786,5.541,2.672,2.074,934,195,90,82,20,141,68,,2,1,4,14,3,1,32,4,31733822
1974,Regular Season,Hiroshima Toyo Carp,21,"Saeki, Kazushi",2,7,0,,,16,74.2,0.222,4.680,1.513,4.701,2.438,9.884,1.326,5.545,3.737,1.484,333,82,39,39,11,46,31,,4,1,0,2,0,0,12,2,31733843
1974,Regular Season,Yomiuri Giants,24,"Tamai, Nobuhiro",6,4,0,,,23,84.1,0.600,3.640,1.399,4.802,1.957,9.818,1.067,3.735,2.775,1.346,367,92,45,34,10,35,26,,3,0,0,3,1,0,13,7,31733847
1974,Regular Season,Taiyo Whales,12,"Sakai, Katsuji",7,8,0,,,34,118.0,0.467,4.960,1.492,5.644,2.176,9.915,1.220,2.746,3.508,0.783,521,130,74,65,16,36,46,,8,2,0,3,1,0,23,5,31933808
1974,Regular Season,Kintetsu Buffaloes,16,"Sasaki, Koichiro",2,1,0,,,15,34.2,0.667,6.170,1.558,7.010,1.800,12.202,1.558,2.596,1.817,1.429,161,47,27,24,6,10,7,,4,1,0,1,0,0,5,4,31933825
1974,Regular Season,Hankyu Braves,28,"Takemura, Kazuyoshi",9,3,0,,,31,136.0,0.750,4.040,1.301,4.566,2.226,8.934,0.926,3.971,2.779,1.429,592,135,69,61,14,60,42,,10,3,0,2,0,0,27,2,31933826
1974,Regular Season,Nippon-Ham Fighters,15,"Sugita, Hisao",0,0,0,,,3,3.0,0.000,6.000,2.333,6.000,0.667,9.000,0.000,0.000,12.000,0.000,15,3,2,2,0,0,4,,0,0,0,0,0,0,0,1,31933843
1974,Regular Season,Chunichi Dragons,46,"Takeda, Masafumi",5,2,3,,,29,41.2,0.714,3.210,1.224,3.672,0.586,6.264,1.296,4.536,4.752,0.955,167,29,17,15,6,21,22,,2,1,0,0,0,0,0,8,31933845
1974,Regular Season,Hiroshima Toyo Carp,17,"Seto, Kazunori",0,0,0,,,2,3.0,0.000,12.000,2.333,12.000,2.000,18.000,3.000,3.000,3.000,1.000,15,6,4,4,1,1,1,,0,0,0,0,0,0,0,1,31933849
1974,Regular Season,Hanshin Tigers,27,"Wako, Tomo",7,4,0,,,20,97.1,0.636,3.340,1.140,4.253,2.300,8.877,1.202,4.623,1.387,3.333,399,96,46,36,13,50,15,,0,0,1,3,1,1,16,2,33333802
1974,Regular Season,Lotte Orions,29,"Murata, Choji",12,10,1,,,32,180.2,0.545,2.690,1.317,3.736,2.344,7.522,0.498,5.380,4.334,1.241,765,151,75,54,10,108,87,,11,11,1,8,1,0,28,2,41043826
1974,Regular Season,Nankai Hawks,15,"Murakami, Masanori",1,2,0,,,10,24.2,0.333,1.800,0.649,2.554,0.700,4.743,0.365,3.649,1.095,3.333,89,13,7,5,1,10,3,,3,0,0,1,1,0,2,1,41043827
1974,Regular Season,Lotte Orions,10,"Mizutani, Norihiro",2,1,1,,,37,57.2,0.667,2.170,1.006,2.809,0.486,6.867,0.780,4.994,2.185,2.286,223,44,18,14,5,32,14,,2,2,0,0,0,0,1,8,41043828
1974,Regular Season,Taiheiyo Club Lions,20,"Ishii, Shigeo",8,11,1,,,33,151.1,0.421,4.230,1.388,4.520,2.303,9.278,1.130,3.211,3.211,1.000,642,156,76,71,19,54,54,,1,2,3,5,0,1,19,13,41143806
1974,Regular Season,Yakult Swallows,13,"Enomoto, Naoki",0,2,0,,,12,23.2,0.000,6.380,1.775,7.225,1.583,11.789,1.521,3.803,4.183,0.909,108,31,19,17,4,10,11,,0,0,0,0,0,0,5,4,41143845
1974,Regular Season,Hankyu Braves,59,"Ishida, Yoshio",0,2,1,,,3,6.0,0.000,6.000,1.333,9.000,2.000,12.000,1.500,3.000,0.000,,26,8,6,4,1,2,0,,0,0,0,0,0,0,0,2,41143849
1974,Regular Season,Nankai Hawks,22,"Miyamoto, Yojiro",3,2,3,,,36,78.1,0.600,2.190,1.072,2.298,0.556,6.549,0.919,5.055,3.102,1.630,313,57,20,19,8,44,27,,2,0,1,0,0,0,0,18,41243820
1974,Regular Season,Lotte Orions,27,"Yagisawa, Soroku",8,7,2,,,37,115.0,0.533,3.830,0.983,4.383,1.514,6.730,0.939,4.226,2.113,2.000,453,86,56,49,12,54,27,,3,1,0,2,2,0,12,13,41243824
1974,Regular Season,Hanshin Tigers,51,"Furusawa, Kenji",15,10,1,,,37,220.1,0.600,3.230,1.348,3.676,2.432,9.395,0.776,4.983,2.737,1.821,938,230,90,79,19,122,67,,8,3,0,12,4,1,28,6,41243829
1974,Regular Season,Taiyo Whales,38,"Mashiba, Shigekuni",5,4,0,,,46,95.1,0.556,3.130,1.238,3.304,0.761,7.175,0.944,5.759,3.965,1.452,402,76,35,33,10,61,42,,8,1,0,3,0,0,9,10,41243841
1974,Regular Season,Nippon-Ham Fighters,27,"Minagawa, Yasuo",4,3,1,,,31,51.1,0.571,3.530,1.305,3.682,0.677,8.416,0.351,4.909,3.331,1.474,208,48,21,20,2,28,19,,0,0,0,0,0,0,0,14,41243843
1974,Regular Season,Hanshin Tigers,28,"Enatsu, Yutaka",12,14,8,,,41,197.2,0.462,2.730,1.027,2.960,1.585,6.966,1.093,6.784,2.277,2.980,772,153,65,60,24,149,50,,2,3,0,12,2,1,23,17,41343824
1974,Regular Season,Hiroshima Toyo Carp,27,"Kaneshiro, Motoyasu",20,15,0,,,44,252.0,0.571,3.640,1.131,3.821,2.432,7.643,1.214,7.393,2.536,2.915,1033,214,107,102,34,207,71,,9,1,0,11,2,1,36,7,41343845
1974,Regular Season,Taiyo Whales,46,"Ohashi, Yasunobu",0,0,0,,,1,3.0,0.000,0.000,0.667,0.000,0.000,6.000,0.000,3.000,0.000,,11,2,0,0,0,1,0,,1,0,0,0,0,0,1,0,41343849
1974,Regular Season,Taiheiyo Club Lions,13,"Shibaike, Hiroaki",0,0,0,,,4,3.2,0.000,6.750,2.182,7.364,0.750,17.182,2.455,4.909,2.455,2.000,19,7,3,3,1,2,1,,1,0,0,0,0,0,0,2,41543828
1974,Regular Season,Chunichi Dragons,29,"Suzuki, Takamasa",4,2,2,,,35,64.0,0.667,3.520,1.047,3.656,0.743,7.453,1.406,7.453,1.969,3.786,253,53,26,25,10,53,14,,0,2,0,0,0,0,3,15,41543847
1974,Regular Season,Nippon-Ham Fighters,11,"Watanabe, Hidetake",4,6,1,,,42,130.2,0.400,3.920,1.270,4.202,1.452,9.505,1.033,4.546,1.929,2.357,551,138,61,57,15,66,28,,9,1,3,4,1,0,17,8,41643829
1974,Regular Season,Lotte Orions,18,"Narita, Fumio",9,10,3,,,37,178.0,0.474,3.290,1.107,3.792,2.027,7.028,1.062,4.854,2.933,1.655,723,139,75,65,21,96,58,,5,5,0,7,0,0,24,10,41943820
1974,Regular Season,Nippon-Ham Fighters,47,"Nakahara, Isamu",0,0,0,,,20,11.1,0.000,4.910,1.500,4.765,0.300,11.118,0.794,6.353,2.382,2.667,49,14,6,6,1,8,3,,0,0,0,0,0,0,0,1,41943841
1974,Regular Season,Hanshin Tigers,18,"Tanimura, Tomohiro",5,13,1,,,36,157.0,0.278,4.590,1.401,4.815,2.333,9.459,1.261,4.586,3.153,1.455,674,165,84,80,22,80,55,,4,0,0,7,1,2,22,6,41943843
1974,Regular Season,Taiheiyo Club Lions,31,"Nagai, Tamotsu",0,0,0,,,14,11.0,0.000,8.180,1.727,8.182,0.714,10.636,1.636,7.364,4.909,1.500,51,13,10,10,2,9,6,,1,0,0,0,0,0,0,5,41943845
1974,Regular Season,Lotte Orions,12,"Jonochi, Kunio",0,0,0,,,5,11.0,0.000,4.090,1.091,4.091,1.000,9.000,0.000,7.364,0.818,9.000,43,11,5,5,0,9,1,,0,0,1,0,0,0,1,3,51053825
1974,Regular Season,Chunichi Dragons,20,"Hoshino, Senichi",15,9,10,,,49,188.0,0.625,2.870,1.059,3.207,1.367,7.133,0.910,6.559,2.394,2.740,758,149,67,60,19,137,50,,7,3,0,7,1,1,17,28,51053828
1974,Regular Season,Hankyu Braves,11,"Toda, Yoshinori",6,6,8,,,41,120.1,0.500,3.450,1.205,3.814,1.244,7.554,0.972,5.161,3.291,1.568,493,101,51,46,13,69,44,,3,1,2,1,0,0,5,18,51053829
1974,Regular Season,Nankai Hawks,21,"Nozaki, Tsuneo",1,0,0,,,13,41.0,1.000,4.170,1.463,4.610,1.615,8.561,0.439,6.585,4.610,1.429,175,39,21,19,2,30,21,,0,0,0,1,1,0,5,6,51053845
1974,Regular Season,Hiroshima Toyo Carp,16,"Aniya, Sohachi",4,4,2,,,33,74.2,0.500,3.960,1.379,4.339,1.091,8.558,1.446,5.906,3.857,1.531,318,71,36,33,12,49,32,,3,0,0,0,0,0,1,17,51153829
1974,Regular Season,Nippon-Ham Fighters,14,"Uda, Toshoku",0,0,0,,,2,2.0,0.000,0.000,1.000,4.500,0.500,9.000,0.000,9.000,0.000,,7,2,1,0,0,2,0,,0,0,0,0,0,0,0,1,51153845
1974,Regular Season,Hankyu Braves,17,"Yamada, Hisashi",11,6,11,,,41,130.0,0.647,3.050,1.069,3.185,1.122,7.131,1.246,5.400,2.492,2.167,534,103,46,44,18,78,36,,3,0,1,4,0,0,7,31,51253828
1974,Regular Season,Nankai Hawks,34,"Fukushi, Hiroaki",9,6,0,,,26,139.1,0.600,3.040,1.242,3.423,2.038,8.397,0.646,3.811,2.778,1.372,581,130,53,47,10,59,43,,0,2,2,5,2,0,18,6,51253841
1974,Regular Season,Hankyu Braves,21,"Imai, Yutaro",0,1,0,,,8,16.0,0.000,5.630,1.813,6.750,1.500,12.375,1.688,2.813,3.938,0.714,76,22,12,10,3,5,7,,1,0,0,0,0,0,1,4,51353843
1974,Regular Season,Hanshin Tigers,54,"Ogawa, Seiichi",0,0,0,,,22,30.0,0.000,4.500,1.200,4.800,0.727,6.900,1.800,4.500,3.900,1.154,126,23,16,15,6,15,13,,2,1,1,0,0,0,0,12,51353847
1974,Regular Season,Nippon-Ham Fighters,34,"Ukai, Katsuo",0,2,0,,,11,14.2,0.000,10.200,2.318,11.045,1.636,13.500,2.455,4.909,7.364,0.667,75,22,18,17,4,8,12,,1,0,0,0,0,0,3,5,51353849
1974,Regular Season,Hiroshima Toyo Carp,29,"Kihara, Yoshitaka",2,3,5,,,31,62.1,0.400,3.050,1.091,3.321,0.742,7.364,1.011,4.765,2.455,1.941,256,51,23,21,7,33,17,,4,0,1,0,0,0,0,12,51553820
1974,Regular Season,Yakult Swallows,14,"Kobayashi, Kunio",2,3,0,,,21,71.2,0.400,4.750,1.479,4.898,1.857,10.298,1.256,3.893,3.014,1.292,313,82,39,38,10,31,24,,2,1,1,1,0,1,9,1,51553847
1974,Regular Season,Chunichi Dragons,56,"Kanai, Masayoshi",0,1,0,,,1,3.1,0.000,12.000,1.800,10.800,4.000,8.100,0.000,2.700,8.100,0.333,16,3,4,4,0,1,3,,0,0,0,0,0,0,1,0,51553849
1974,Regular Season,Hiroshima Toyo Carp,14,"Sotokoba, Yoshiro",18,16,3,,,46,310.1,0.529,2.820,1.108,3.045,2.283,7.511,0.986,5.684,2.465,2.306,1236,259,105,97,34,196,85,,9,0,0,21,4,2,38,8,51753820
1974,Regular Season,Taiheiyo Club Lions,15,"Tanaka, Akira",12,5,9,,,50,131.0,0.706,2.610,1.130,2.817,0.820,8.382,0.687,2.885,1.786,1.615,531,122,41,38,10,42,26,,5,0,0,3,2,1,6,32,51753828
1974,Regular Season,Nippon-Ham Fighters,24,"Kosaka, Toshihiko",0,0,0,,,4,2.1,0.000,27.000,2.571,23.143,1.500,19.286,11.571,11.571,3.857,3.000,13,5,6,6,3,3,1,,0,0,0,0,0,0,0,2,51753841
1974,Regular Season,Lotte Orions,26,"Tsuchiya, Hiroshi",0,0,0,,,3,4.0,0.000,4.500,1.500,4.500,0.667,9.000,0.000,2.250,4.500,0.500,18,4,2,2,0,1,2,,0,0,0,0,0,0,0,2,51953826
1974,Regular Season,Kintetsu Buffaloes,14,"Sei, Toshihiko",5,6,2,,,29,111.1,0.455,3.730,1.356,4.365,1.862,8.973,0.728,3.314,3.234,1.025,467,111,54,46,9,41,40,,0,4,0,4,2,0,12,12,51953829
1974,Regular Season,Kintetsu Buffaloes,19,"Tachibana, Kenji",2,1,0,,,31,62.1,0.667,4.060,1.123,4.043,0.903,7.075,1.155,4.765,3.032,1.571,246,49,28,28,8,33,21,,4,1,0,0,0,0,2,9,51953845
1974,Regular Season,Hiroshima Toyo Carp,46,"Fujimoto, Kazuhiro",0,1,0,,,4,3.2,0.000,11.250,3.545,12.273,1.250,19.636,0.000,2.455,12.273,0.200,22,8,5,5,0,1,5,,0,0,0,0,0,0,1,0,61063824
1974,Regular Season,Kintetsu Buffaloes,31,"Mizutani, Hiroshi",0,4,0,,,29,57.0,0.000,3.790,1.211,4.263,0.931,9.158,1.263,4.105,1.737,2.364,235,58,27,24,8,26,11,,2,0,0,0,0,0,4,6,61063828
1974,Regular Season,Nippon-Ham Fighters,28,"Hosaka, Eiji",0,0,0,,,3,1.1,0.000,9.000,3.000,6.750,0.333,13.500,6.750,13.500,13.500,1.000,7,2,1,1,1,2,2,,0,0,0,0,0,0,0,0,61063845
1974,Regular Season,Kintetsu Buffaloes,18,"Ota, Koji",10,14,2,,,43,163.1,0.417,4.640,1.420,5.235,2.209,8.596,1.157,4.243,4.188,1.013,714,156,95,84,21,77,76,,8,3,0,2,0,0,26,7,61363841
1974,Regular Season,Taiyo Whales,13,"Kito, Hiroshi",0,1,0,,,14,21.2,0.000,3.270,1.569,3.323,0.571,8.723,1.246,6.646,5.400,1.231,98,21,8,8,3,16,13,,0,0,0,0,0,0,3,5,61563824
1974,Regular Season,Hiroshima Toyo Carp,19,"Oishi, Yataro",3,5,0,,,27,80.2,0.375,3.890,1.376,4.017,1.333,9.260,0.893,5.467,3.124,1.750,349,83,36,35,8,49,28,,7,0,0,2,1,0,9,5,61563825
1974,Regular Season,Kintetsu Buffaloes,27,"Kanbe, Toshio",12,7,1,,,28,151.0,0.632,2.380,1.172,2.563,1.536,7.689,0.834,4.411,2.861,1.542,611,129,43,40,14,74,48,,1,4,1,8,4,1,21,7,61563841
1974,Regular Season,Lotte Orions,15,"Kondo, Shigeo",2,2,2,,,37,58.2,0.500,4.120,1.261,4.295,0.757,7.364,1.841,4.295,3.989,1.077,248,48,28,27,12,28,26,,2,1,1,0,0,0,0,12,61563845
1974,Regular Season,Nippon-Ham Fighters,18,"Kekich, Mike",5,11,0,,,18,122.1,0.313,4.130,1.569,4.414,3.333,7.651,0.736,6.621,6.474,1.023,541,104,60,56,10,90,88,,3,5,5,9,0,0,17,0,61563849
1974,Regular Season,Hiroshima Toyo Carp,53,"Takahashi, Satoshi",0,0,0,,,8,10.2,0.000,5.730,1.406,5.906,0.875,10.969,3.375,5.906,1.688,3.500,46,13,7,7,4,7,2,,0,0,0,0,0,0,0,5,61763826
1974,Regular Season,Yomiuri Giants,22,"Shimano, Osamu",0,0,0,,,1,1.0,0.000,0.000,1.000,0.000,0.000,0.000,0.000,9.000,9.000,1.000,4,0,0,0,0,1,1,,0,0,0,0,0,0,0,0,61763843
1974,Regular Season,Taiyo Whales,21,"Sugiyama, Tomotaka",0,0,0,,,2,5.0,0.000,7.200,1.800,7.200,2.000,10.800,3.600,14.400,5.400,2.667,24,6,4,4,2,8,3,,0,0,0,0,0,0,0,1,61763849
1974,Regular Season,Hiroshima Toyo Carp,26,"Nagamoto, Hiroaki",0,7,0,,,26,74.2,0.000,2.880,1.205,3.013,0.962,7.714,0.121,5.183,3.134,1.654,301,64,25,24,1,43,26,,1,1,0,1,0,0,9,9,61963845
1974,Regular Season,Hanshin Tigers,35,"Yamamoto, Shigemasa",0,1,4,,,29,48.0,0.000,2.250,1.188,3.375,0.621,7.125,0.750,7.688,3.563,2.158,205,38,18,12,4,41,19,,4,1,0,0,0,0,0,12,63163825
1974,Regular Season,Taiyo Whales,27,"Hiramatsu, Masaji",15,16,2,,,46,243.2,0.484,3.650,1.215,4.137,2.435,8.200,1.367,6.464,2.733,2.365,1004,222,112,99,37,175,74,,7,2,1,12,1,0,30,14,71073824
1974,Regular Season,Yakult Swallows,12,"Sugiyama, Shigeo",0,0,0,,,1,0.0,0.000,0.000,,,1.000,,,,,0.000,1,0,1,0,0,0,1,,0,0,0,0,0,0,0,0,71073825
1974,Regular Season,Lotte Orions,36,"Mitsui, Masaharu",6,5,4,,,31,85.2,0.545,3.240,1.202,3.677,1.129,7.249,0.946,8.825,3.572,2.471,355,69,35,31,9,84,34,,1,2,0,1,0,0,7,16,71073849
1974,Regular Season,Hankyu Braves,16,"Adachi, Mitsuhiro",10,9,1,,,30,180.2,0.526,3.130,1.234,3.786,2.533,9.116,0.847,3.288,1.993,1.650,758,183,76,63,17,66,40,,11,1,1,8,3,0,27,1,71173808
1974,Regular Season,Yakult Swallows,19,"Asano, Keishi",12,15,5,,,41,256.0,0.444,2.390,0.984,2.742,1.902,7.102,0.809,5.203,1.758,2.960,990,202,78,68,23,148,50,,6,2,1,19,3,3,27,10,71173824
1974,Regular Season,Hankyu Braves,36,"Arai, Yoshio",0,0,0,,,1,2.0,0.000,0.000,1.500,0.000,0.000,9.000,0.000,0.000,4.500,0.000,8,2,0,0,0,0,1,,0,0,0,0,0,0,0,1,71173841
1974,Regular Season,Kintetsu Buffaloes,13,"Arita, Fumio",0,0,0,,,1,1.0,0.000,0.000,2.000,0.000,0.000,18.000,0.000,9.000,0.000,,5,2,0,0,0,1,0,,0,0,0,0,0,0,0,1,71173849
1974,Regular Season,Hankyu Braves,15,"Mizutani, Takashi",11,5,1,,,26,136.0,0.688,2.910,1.132,3.176,1.846,8.206,0.860,2.449,1.985,1.233,549,124,48,44,13,37,30,,2,1,2,4,3,1,16,7,71273824
1974,Regular Season,Chunichi Dragons,19,"Hoshino, Hidetaka",4,4,0,,,37,70.0,0.500,4.630,1.414,5.014,1.054,9.900,0.386,5.271,2.829,1.864,305,77,39,36,3,41,22,,3,3,0,1,1,1,7,8,71273843
1974,Regular Season,Chunichi Dragons,11,"Misawa, Jun",11,9,0,,,45,200.2,0.550,3.450,1.116,4.350,2.156,7.580,1.346,4.037,2.467,1.636,822,169,97,77,30,90,55,,12,1,1,7,3,1,27,4,71273845
1974,Regular Season,Hanshin Tigers,41,"Watanabe, Hirotoshi",0,0,0,,,3,4.0,0.000,0.000,0.500,0.000,0.000,2.250,0.000,0.000,2.250,0.000,12,1,0,0,0,0,1,,0,0,0,0,0,0,0,3,71273849
1974,Regular Season,Hankyu Braves,19,"Austin, Rick",1,1,0,,,8,27.0,0.500,2.330,1.296,3.000,1.125,8.667,0.333,8.667,3.000,2.889,111,26,9,7,1,26,9,,1,0,0,0,0,0,2,3,71373849
1974,Regular Season,Taiheiyo Club Lions,34,"Miura, Kiyohiro",5,6,0,,,21,103.1,0.455,3.150,1.297,3.658,2.000,8.971,0.697,3.223,2.700,1.194,426,103,42,36,8,37,31,,4,0,1,4,1,0,17,3,71473804
1974,Regular Season,Taiheiyo Club Lions,16,"Miwa, Satoru",1,2,0,,,26,65.1,0.333,2.490,1.010,2.755,0.769,6.474,0.138,4.408,2.617,1.684,259,47,20,18,1,32,19,,2,0,0,0,0,0,1,8,71473841
1974,Regular Season,Yomiuri Giants,19,"Kobayashi, Shigeru",8,5,2,,,44,130.1,0.615,2.420,1.182,3.315,1.091,8.632,0.691,4.972,2.003,2.483,538,125,48,35,10,72,29,,4,2,0,2,1,0,9,11,71573847
1974,Regular Season,Taiheiyo Club Lions,17,"Yanagida, Yutaka",6,7,2,,,41,140.0,0.462,3.990,1.193,4.307,1.634,9.000,0.964,3.921,1.736,2.259,582,140,67,62,15,61,27,,6,0,2,0,0,0,15,12,71673841
1974,Regular Season,Hiroshima Toyo Carp,39,"Sato, Kunimitsu",0,0,0,,,8,2.2,0.000,6.000,2.250,6.750,0.250,10.125,6.750,0.000,10.125,0.000,15,3,2,2,2,0,3,,1,0,0,0,0,0,0,0,71773841
1974,Regular Season,Chunichi Dragons,26,"Sato, Masao",0,0,0,,,3,2.2,0.000,12.000,2.625,13.500,1.333,20.250,0.000,6.750,3.375,2.000,14,6,4,4,0,2,1,,0,0,0,0,0,0,0,1,71773843
1974,Regular Season,Nippon-Ham Fighters,19,"Nomura, Osamu",4,9,1,,,39,147.2,0.308,3.650,1.205,4.023,1.692,8.350,0.792,4.205,2.499,1.683,608,137,66,60,13,69,41,,3,3,0,2,0,0,18,10,71973828
1974,Regular Season,Yomiuri Giants,20,"Sekimoto, Mitsuhiro",10,5,1,,,37,162.0,0.667,2.280,1.080,2.500,1.216,7.556,0.500,3.056,2.167,1.410,652,136,45,41,9,55,39,,11,1,0,6,3,0,18,7,71973843
1974,Regular Season,Taiyo Whales,48,"Nagano, Satoshi",0,0,0,,,1,0.1,0.000,0.000,0.000,0.000,0.000,0.000,0.000,0.000,0.000,,1,0,0,0,0,0,0,,0,0,0,0,0,0,0,1,71973849
1974,Regular Season,Taiheiyo Club Lions,19,"Hamaura, Toru",4,2,0,,,20,84.1,0.667,3.430,1.221,3.735,1.750,6.510,0.960,6.723,4.482,1.500,352,61,35,32,9,63,42,,4,2,1,1,0,0,7,9,81083843
1974,Regular Season,Hanshin Tigers,16,"Ueda, Jiro",7,13,1,,,36,176.2,0.350,4.020,1.460,4.585,2.500,10.036,0.968,4.177,3.108,1.344,771,197,90,79,19,82,61,,3,1,0,7,0,0,26,7,81183841
1974,Regular Season,Kintetsu Buffaloes,11,"Ichihashi, Hidehiko",0,0,0,,,1,2.0,0.000,4.500,2.500,4.500,1.000,22.500,4.500,4.500,0.000,,10,5,1,1,1,1,0,,0,0,0,0,0,0,0,1,81183849
1974,Regular Season,Yakult Swallows,22,"Yasuda, Takeshi",9,5,0,,,28,130.1,0.643,3.180,1.228,3.453,1.786,9.875,0.414,4.350,1.174,3.706,547,143,50,46,6,63,17,,4,0,0,4,0,0,15,7,81283845
1974,Regular Season,Lotte Orions,17,"Kaneda, Tomehiro",16,7,0,,,36,201.2,0.696,2.900,1.081,2.945,1.833,7.453,0.803,6.159,2.276,2.706,800,167,66,65,18,138,51,,3,1,1,13,1,2,29,4,81383828
1974,Regular Season,Yakult Swallows,23,"Sunochi, Masao",0,2,0,,,16,28.0,0.000,4.820,1.286,5.143,1.000,8.357,1.929,6.429,3.214,2.000,115,26,16,15,6,20,10,,0,0,0,0,0,0,2,10,81583826
1974,Regular Season,Hankyu Braves,31,"Kodama, Yoshihiro",2,0,0,,,16,30.0,1.000,6.600,1.700,7.200,1.500,13.200,1.500,3.900,2.100,1.857,138,44,24,22,5,13,7,,2,1,0,0,0,0,0,8,81583843
1974,Regular Season,Taiyo Whales,14,"Takagaki, Yoshihiro",0,0,0,,,7,8.2,0.000,7.000,1.731,9.346,1.286,9.346,2.077,6.231,6.231,1.000,41,9,9,7,2,6,6,,0,0,0,0,0,0,0,6,81783824
1974,Regular Season,Hiroshima Toyo Carp,18,"Nagashima, Yoshikuni",0,1,0,,,2,1.2,0.000,9.000,3.000,10.800,1.000,21.600,0.000,5.400,5.400,1.000,9,4,2,2,0,1,1,,0,0,0,0,0,0,0,2,81783847
1974,Regular Season,Nankai Hawks,18,"Nishioka, Sanshiro",3,6,0,,,19,108.2,0.333,3.960,1.454,4.058,2.579,8.199,0.580,1.905,4.887,0.390,463,99,49,48,7,23,59,,4,4,2,3,0,0,18,0,81983826
1974,Regular Season,Nankai Hawks,13,"Nakayama, Koichi",8,9,0,,,28,154.1,0.471,3.040,1.186,3.441,2.107,6.823,1.166,5.540,3.849,1.439,634,117,59,52,20,95,66,,3,7,0,3,1,0,24,2,81983841
1974,Regular Season,Hankyu Braves,18,"Yoneda, Tetsuya",11,8,1,,,31,130.2,0.579,4.260,1.454,5.235,2.452,9.918,1.033,4.684,3.168,1.478,573,144,76,62,15,68,46,,8,2,5,2,0,0,24,3,83183802
1974,Regular Season,Yomiuri Giants,18,"Horiuchi, Tsuneo",19,11,1,,,46,276.2,0.633,2.660,1.073,3.286,2.196,7.059,1.008,4.131,2.602,1.588,1106,217,101,82,31,127,80,,7,2,0,21,3,1,37,7,91093822
1974,Regular Season,Hanshin Tigers,30,"Hirayama, Hideo",0,0,0,,,1,1.0,0.000,0.000,0.000,0.000,0.000,0.000,0.000,0.000,0.000,,3,0,0,0,0,0,0,,0,0,0,0,0,0,0,1,91093824
1974,Regular Season,Hanshin Tigers,13,"Suzuki, Kiyotake",3,1,1,,,28,47.0,0.750,3.450,1.191,3.447,0.643,7.085,1.149,7.660,3.638,2.105,195,37,18,18,6,40,19,,1,0,0,0,0,0,0,11,91093825
1974,Regular Season,Yakult Swallows,17,"Matsuoka, Hiromu",17,15,1,,,39,257.1,0.531,2.800,1.154,3.358,2.462,7.065,0.944,5.876,3.323,1.768,1042,202,96,80,27,168,95,,7,2,1,15,4,1,30,6,91093826
1974,Regular Season,Hiroshima Toyo Carp,20,"Norikae, Hisayoshi",0,1,0,,,10,6.0,0.000,1.500,1.667,1.500,0.100,12.000,0.000,4.500,3.000,1.500,24,8,1,1,0,3,2,,0,0,0,0,0,0,0,3,91093841
1974,Regular Season,Yomiuri Giants,28,"Niura, Hisao",7,6,1,,,26,119.2,0.538,2.630,1.237,3.159,1.615,7.220,1.053,7.671,3.911,1.962,492,96,42,35,14,102,52,,2,2,0,4,1,0,17,5,91093843
1974,Regular Season,Lotte Orions,51,"Matsuda, Mitsuyasu",0,0,0,,,1,1.0,0.000,9.000,2.000,9.000,1.000,9.000,0.000,0.000,9.000,0.000,5,1,1,1,0,0,1,,0,0,0,0,0,0,0,1,91093847
1974,Regular Season,Yakult Swallows,26,"Ihara, Shinichiro",2,0,0,,,5,15.2,1.000,2.810,1.021,2.872,1.000,6.894,0.574,5.745,2.298,2.500,61,12,5,5,1,10,4,,0,0,0,0,0,0,1,2,91193841
1974,Regular Season,Taiyo Whales,18,"Uzawa, Tatsuo",1,1,0,,,11,19.1,0.500,3.790,1.707,4.190,0.818,6.517,0.931,8.845,8.845,1.000,90,14,9,8,2,19,19,,1,0,0,0,0,0,2,3,91193845
1974,Regular Season,Kintetsu Buffaloes,12,"Imoto, Takashi",2,4,2,,,35,72.1,0.333,3.880,1.244,4.604,1.057,8.834,1.120,2.862,2.364,1.211,300,71,37,31,9,23,19,,2,0,2,1,0,0,6,9,91193847
1974,Regular Season,Hankyu Braves,37,"Miyoshi, Yukio",1,3,0,,,26,59.1,0.250,3.200,1.517,4.702,1.192,9.404,0.758,5.006,4.247,1.179,263,62,31,21,5,33,28,,5,2,1,1,1,0,6,7,91293820
1974,Regular Season,Hiroshima Toyo Carp,32,"Yokoyama, Kojiro",0,0,0,,,7,9.2,0.000,4.500,1.448,4.655,0.714,10.241,0.000,2.793,2.793,1.000,40,11,5,5,0,3,3,,1,0,0,0,0,0,0,5,91293822
1974,Regular Season,Yomiuri Giants,45,"Ogawa, Kunikazu",12,4,0,,,42,102.1,0.750,3.790,1.212,3.870,1.048,7.564,1.319,6.420,3.342,1.921,417,86,44,43,15,73,38,,4,1,0,2,1,0,5,14,91393849
1974,Regular Season,Yakult Swallows,16,"Watanabe, Takahiro",1,8,0,,,21,69.1,0.111,5.090,1.298,5.712,2.095,9.606,2.337,4.933,2.077,2.375,289,74,44,39,18,38,16,,1,0,1,0,0,0,10,5,91493845
1974,Regular Season,Yomiuri Giants,17,"Kurata, Makoto",5,3,6,,,38,74.1,0.625,3.160,1.224,3.996,0.868,7.870,0.848,6.296,3.148,2.000,307,65,33,26,7,52,26,,2,1,0,0,0,0,1,24,91593820
1974,Regular Season,Lotte Orions,46,"Kuramochi, Akira",1,0,0,,,5,14.1,1.000,3.860,1.465,3.767,1.200,6.907,1.256,8.791,6.279,1.400,60,11,6,6,2,14,10,,0,1,0,1,0,0,1,2,91593845
1974,Regular Season,Hanshin Tigers,21,"Saotome, Yutaka",1,0,0,,,9,17.2,1.000,3.000,1.189,3.057,0.667,9.679,2.038,3.057,1.019,3.000,71,19,6,6,4,6,2,,0,0,0,0,0,0,1,4,91593847
1974,Regular Season,Nippon-Ham Fighters,21,"Takahashi, Naoki",9,11,3,,,35,187.2,0.450,3.210,1.060,3.645,2.171,7.913,0.863,5.707,1.631,3.500,750,165,76,67,18,119,34,,7,1,1,6,0,1,22,8,91793828
1974,Regular Season,Chunichi Dragons,13,"Donoe, Terashi",0,0,0,,,2,3.0,0.000,6.000,1.333,6.000,1.000,12.000,3.000,0.000,0.000,,13,4,2,2,1,0,0,,1,0,0,0,0,0,0,1,91993845
