Season,Game Type,Team,#,Name,Position,G,FPCT,PO,A,E,DP,PB,PlayerID
1971,Regular Season,Chunichi Dragons,9,"Hishikawa, Akira",OF,93,0.988,158,8,2,2,,01003820
1971,Regular Season,Kintetsu Buffaloes,17,"Bando, Satomi",P,31,0.786,1,10,3,1,,01003821
1971,Regular Season,Hiroshima Toyo Carp,37,"Nishizawa, Masaji",C,15,1.000,38,2,0,0,0,01003843
1971,Regular Season,Hiroshima Toyo Carp,37,"Nishizawa, Masaji",OF,2,0.000,0,0,0,0,,01003843
1971,Regular Season,Hankyu Braves,44,"Inoe, Osamu",2B,4,1.000,3,7,0,2,,01103820
1971,Regular Season,Hankyu Braves,44,"Inoe, Osamu",3B,72,0.957,13,31,2,1,,01103820
1971,Regular Season,Hankyu Braves,44,"Inoe, Osamu",SS,1,1.000,2,2,0,1,,01103820
1971,Regular Season,Hiroshima Toyo Carp,81,"Inoe, Yoshio",P,25,1.000,1,1,0,1,,01103821
1971,Regular Season,Lotte Orions,26,"Otsuka, Yasuo",C,21,1.000,34,3,0,1,1,01103822
1971,Regular Season,Taiyo Whales,5,"Ito, Isao",C,101,0.985,467,50,8,5,5,01103823
1971,Regular Season,Nishitetsu Lions,9,"Aratake, Yasuhiro",1B,24,0.940,57,6,4,6,,01103824
1971,Regular Season,Hanshin Tigers,14,"Ikejima, Kazuhiko",P,3,1.000,0,2,0,0,,01103841
1971,Regular Season,Yomiuri Giants,35,"Awaguchi, Kenji",OF,1,0.000,0,0,0,0,,01103843
1971,Regular Season,Nishitetsu Lions,41,"Pointer, Aaron",1B,11,1.000,76,8,0,7,,01203841
1971,Regular Season,Nishitetsu Lions,41,"Pointer, Aaron",3B,10,0.917,8,14,2,2,,01203841
1971,Regular Season,Nishitetsu Lions,41,"Pointer, Aaron",OF,54,0.990,92,3,1,1,,01203841
1971,Regular Season,Nishitetsu Lions,41,"Pointer, Aaron",SS,3,0.833,1,4,1,1,,01203841
1971,Regular Season,Yakult Atoms,34,"Mitsuhashi, Toyo",OF,1,0.000,0,0,0,0,,01203843
1971,Regular Season,Yakult Atoms,34,"Mitsuhashi, Toyo",P,1,0.000,0,0,0,0,,01203843
1971,Regular Season,Lotte Orions,3,"Enomoto, Kihachi",1B,26,1.000,166,6,0,11,,01303800
1971,Regular Season,Nankai Hawks,11,"Ueda, Takuzo",P,34,1.000,11,17,0,3,,01303824
1971,Regular Season,Hanshin Tigers,49,"Ohara, Kazuo",1B,4,0.000,0,0,0,0,,01303828
1971,Regular Season,Hanshin Tigers,49,"Ohara, Kazuo",OF,11,0.000,0,0,0,0,,01303828
1971,Regular Season,Nishitetsu Lions,59,"Ogawa, Hirofumi",OF,27,1.000,29,2,0,1,,01303829
1971,Regular Season,Toei Flyers,49,"Emoto, Takenori",P,26,1.000,3,14,0,1,,01303843
1971,Regular Season,Nankai Hawks,48,"Watarai, Sumio",1B,7,0.000,0,0,0,0,,01403806
1971,Regular Season,Nankai Hawks,48,"Watarai, Sumio",OF,18,0.000,0,0,0,0,,01403806
1971,Regular Season,Nishitetsu Lions,28,"Miyadera, Katsutoshi",C,72,0.985,215,40,4,4,4,01403829
1971,Regular Season,Hanshin Tigers,63,"Yamada, Toshihiko",OF,1,0.000,0,0,0,0,,01403843
1971,Regular Season,Taiyo Whales,26,"Kondo, Kazuhiko",1B,26,0.995,185,12,1,13,,01503806
1971,Regular Season,Taiyo Whales,26,"Kondo, Kazuhiko",OF,16,0.952,20,0,1,0,,01503806
1971,Regular Season,Taiyo Whales,1,"Kondo, Akihito",2B,120,0.984,221,336,9,64,,01503821
1971,Regular Season,Taiyo Whales,24,"Kotani, Tadakatsu",P,58,1.000,8,28,0,1,,01503826
1971,Regular Season,Nankai Hawks,10,"Shimano, Ikuo",OF,71,0.987,76,2,1,0,,01503827
1971,Regular Season,Chunichi Dragons,23,"Kimata, Tatsuhiko",C,119,0.992,522,73,5,13,4,01503829
1971,Regular Season,Chunichi Dragons,23,"Kimata, Tatsuhiko",OF,13,0.923,12,0,1,0,,01503829
1971,Regular Season,Hiroshima Toyo Carp,23,"Kamigochi, Makoto",OF,42,1.000,31,1,0,1,,01503841
1971,Regular Season,Lotte Orions,15,"Koganemaru, Mitsuru",1B,16,1.000,41,1,0,3,,01503843
1971,Regular Season,Nankai Hawks,19,"Nomura, Katsuya",1B,1,1.000,2,1,0,1,,01603809
1971,Regular Season,Nankai Hawks,19,"Nomura, Katsuya",C,126,0.994,563,67,4,18,7,01603809
1971,Regular Season,Nankai Hawks,19,"Nomura, Katsuya",OF,1,0.000,0,0,0,0,,01603809
1971,Regular Season,Hanshin Tigers,12,"Wada, Toru",1B,11,1.000,35,1,0,4,,01603829
1971,Regular Season,Hanshin Tigers,12,"Wada, Toru",C,6,1.000,10,0,0,0,1,01603829
1971,Regular Season,Hanshin Tigers,12,"Wada, Toru",OF,31,0.947,34,2,2,0,,01603829
1971,Regular Season,Yomiuri Giants,21,"Takahashi, Kazumi",P,41,0.942,6,43,3,2,,01703820
1971,Regular Season,Nankai Hawks,37,"Sakurai, Teruhide",2B,126,0.979,296,360,14,82,,01703824
1971,Regular Season,Yakult Atoms,35,"Tameike, Toshitaka",1B,1,1.000,1,0,0,0,,01703828
1971,Regular Season,Yakult Atoms,35,"Tameike, Toshitaka",3B,42,0.905,13,63,8,6,,01703828
1971,Regular Season,Yakult Atoms,35,"Tameike, Toshitaka",OF,15,1.000,15,0,0,0,,01703828
1971,Regular Season,Yakult Atoms,35,"Tameike, Toshitaka",SS,18,0.915,15,28,4,5,,01703828
1971,Regular Season,Hanshin Tigers,8,"Sato, Masaharu",OF,84,1.000,80,2,0,0,,01703841
1971,Regular Season,Hankyu Braves,24,"Hatta, Tadashi",1B,1,0.000,0,0,0,0,,01803800
1971,Regular Season,Hankyu Braves,24,"Hatta, Tadashi",OF,5,0.000,0,0,0,0,,01803800
1971,Regular Season,Hanshin Tigers,39,"Nakamura, Koreyasu",2B,19,1.000,11,11,0,4,,01903824
1971,Regular Season,Hanshin Tigers,39,"Nakamura, Koreyasu",OF,1,0.000,0,0,0,0,,01903824
1971,Regular Season,Taiyo Whales,2,"Nakatsuka, Masayuki",1B,29,0.983,169,8,3,7,,01903826
1971,Regular Season,Taiyo Whales,2,"Nakatsuka, Masayuki",OF,118,0.984,246,6,4,1,,01903826
1971,Regular Season,Nishitetsu Lions,21,"Higashio, Osamu",P,51,0.938,16,45,4,6,,01903828
1971,Regular Season,Taiyo Whales,11,"Takahashi, Shigeyuki",P,15,1.000,2,6,0,1,,01903829
1971,Regular Season,Lotte Orions,43,"Doi, Kenji",1B,1,0.000,0,0,0,0,,01903841
1971,Regular Season,Lotte Orions,43,"Doi, Kenji",C,1,1.000,1,0,0,0,0,01903841
1971,Regular Season,Lotte Orions,43,"Doi, Kenji",OF,1,0.000,0,0,0,0,,01903841
1971,Regular Season,Nishitetsu Lions,1,"Takahashi, Fumio",OF,108,0.991,232,1,2,1,,01903843
1971,Regular Season,Kintetsu Buffaloes,6,"Yasui, Toshinori",2B,2,1.000,0,1,0,0,,03103825
1971,Regular Season,Kintetsu Buffaloes,6,"Yasui, Toshinori",3B,2,1.000,1,3,0,1,,03103825
1971,Regular Season,Kintetsu Buffaloes,6,"Yasui, Toshinori",SS,111,0.959,197,299,21,62,,03103825
1971,Regular Season,Hanshin Tigers,2,"Noda, Masanori",2B,84,0.983,152,190,6,38,,11013820
1971,Regular Season,Hanshin Tigers,2,"Noda, Masanori",OF,6,1.000,14,0,0,0,,11013820
1971,Regular Season,Hanshin Tigers,2,"Noda, Masanori",SS,14,0.977,18,25,1,3,,11013820
1971,Regular Season,Yomiuri Giants,7,"Shibata, Isao",OF,115,0.996,239,7,1,3,,11013825
1971,Regular Season,Hanshin Tigers,55,"Nogami, Toshio",P,1,1.000,0,1,0,0,,11013826
1971,Regular Season,Hiroshima Toyo Carp,3,"Hayase, Masayoshi",OF,8,1.000,10,1,0,0,,11013827
1971,Regular Season,Yakult Atoms,14,"Fujiwara, Makoto",OF,3,0.000,0,0,0,0,,11013828
1971,Regular Season,Yakult Atoms,14,"Fujiwara, Makoto",P,17,1.000,3,13,0,1,,11013828
1971,Regular Season,Chunichi Dragons,43,"Chihara, Yozaburo",OF,1,0.000,0,0,0,0,,11013829
1971,Regular Season,Lotte Orions,36,"Toiya, Fukuo",1B,1,1.000,1,0,0,0,,11013843
1971,Regular Season,Lotte Orions,36,"Toiya, Fukuo",OF,3,1.000,2,0,0,0,,11013843
1971,Regular Season,Taiyo Whales,23,"Matsuoka, Kosuke",2B,3,1.000,0,1,0,0,,11213824
1971,Regular Season,Taiyo Whales,23,"Matsuoka, Kosuke",3B,2,1.000,1,0,0,0,,11213824
1971,Regular Season,Taiyo Whales,23,"Matsuoka, Kosuke",SS,73,0.974,77,148,6,25,,11213824
1971,Regular Season,Taiyo Whales,34,"Yoneda, Keizaburo",3B,16,0.909,5,15,2,0,,11213826
1971,Regular Season,Taiyo Whales,34,"Yoneda, Keizaburo",SS,90,0.971,89,145,7,19,,11213826
1971,Regular Season,Yakult Atoms,29,"Yasuki, Shoji",P,42,0.957,6,16,1,1,,11213828
1971,Regular Season,Kintetsu Buffaloes,41,"Handa, Minoru",OF,2,0.000,0,0,0,0,,11213841
1971,Regular Season,Kintetsu Buffaloes,41,"Handa, Minoru",P,23,0.846,1,10,2,0,,11213841
1971,Regular Season,Toei Flyers,48,"Hidaka, Masahiko",P,4,0.000,0,0,1,0,,11213843
1971,Regular Season,Kintetsu Buffaloes,39,"Iwaki, Yasuro",C,61,0.996,230,19,1,3,0,11313820
1971,Regular Season,Lotte Orions,20,"Kitaru, Masaaki",P,47,0.981,14,39,1,5,,11313822
1971,Regular Season,Chunichi Dragons,16,"Ito, Hisatoshi",P,44,1.000,11,49,0,2,,11313824
1971,Regular Season,Hanshin Tigers,29,"Ueki, Kazutomo",OF,1,0.000,0,0,0,0,,11313828
1971,Regular Season,Hanshin Tigers,29,"Ueki, Kazutomo",P,11,0.833,2,3,1,0,,11313828
1971,Regular Season,Yakult Atoms,15,"Ishioka, Kozo",OF,2,0.000,0,0,0,0,,11313829
1971,Regular Season,Yakult Atoms,15,"Ishioka, Kozo",P,45,0.971,9,25,1,1,,11313829
1971,Regular Season,Yakult Atoms,48,"Uchida, Junzo",OF,90,0.948,122,6,7,2,,11313841
1971,Regular Season,Chunichi Dragons,27,"Mizutani, Hisanobu",P,36,0.962,10,41,2,1,,11413808
1971,Regular Season,Toei Flyers,17,"Yamazaki, Takeaki",P,6,1.000,1,4,0,0,,11413820
1971,Regular Season,Yomiuri Giants,31,"Yamashita, Tsukasa",2B,8,0.905,7,12,2,2,,11413824
1971,Regular Season,Lotte Orions,16,"Maeda, Kosuke",P,18,1.000,2,3,0,0,,11413841
1971,Regular Season,Yakult Atoms,28,"Yaegashi, Yukio",1B,3,1.000,16,3,0,0,,11413843
1971,Regular Season,Yakult Atoms,28,"Yaegashi, Yukio",C,1,1.000,2,0,0,0,0,11413843
1971,Regular Season,Yakult Atoms,28,"Yaegashi, Yukio",OF,1,0.000,0,0,0,0,,11413843
1971,Regular Season,Chunichi Dragons,11,"Kawabata, Kazuto",OF,1,0.000,0,0,0,0,,11513826
1971,Regular Season,Chunichi Dragons,11,"Kawabata, Kazuto",P,16,0.909,2,8,1,0,,11513826
1971,Regular Season,Taiyo Whales,32,"Kusaka, Masakatsu",OF,32,0.920,22,1,2,0,,11513827
1971,Regular Season,Yomiuri Giants,58,"Otake, Kenji",3B,3,0.750,3,0,1,0,,11513843
1971,Regular Season,Lotte Orions,21,"Nishida, Takayuki",OF,94,0.989,87,1,1,0,,11613825
1971,Regular Season,Yakult Atoms,57,"Wakamatsu, Tsutomu",OF,104,1.000,155,7,0,3,,11613843
1971,Regular Season,Yomiuri Giants,38,"Suetsugu, Toshimitsu",OF,77,0.989,93,1,1,0,,11713820
1971,Regular Season,Kintetsu Buffaloes,24,"Kodama, Hiroyoshi",C,18,1.000,25,2,0,0,0,11713823
1971,Regular Season,Toei Flyers,23,"Suenaga, Yoshiyuki",2B,21,1.000,34,36,0,11,,11713826
1971,Regular Season,Toei Flyers,23,"Suenaga, Yoshiyuki",3B,38,0.947,20,51,4,2,,11713826
1971,Regular Season,Toei Flyers,23,"Suenaga, Yoshiyuki",SS,51,0.962,71,106,7,19,,11713826
1971,Regular Season,Toei Flyers,47,"Tanaka, Mitsugu",P,19,1.000,1,11,0,0,,11713827
1971,Regular Season,Hanshin Tigers,37,"Goda, Eizo",P,2,1.000,1,1,0,0,,11713829
1971,Regular Season,Yomiuri Giants,61,"Kono, Kazumasa",3B,1,1.000,0,1,0,0,,11713843
1971,Regular Season,Yomiuri Giants,61,"Kono, Kazumasa",SS,1,0.000,0,0,0,0,,11713843
1971,Regular Season,Nishitetsu Lions,8,"Funada, Kazuhide",2B,2,0.000,0,0,0,0,,11813825
1971,Regular Season,Nishitetsu Lions,8,"Funada, Kazuhide",3B,38,0.965,18,37,2,2,,11813825
1971,Regular Season,Nishitetsu Lions,8,"Funada, Kazuhide",SS,59,0.957,94,149,11,26,,11813825
1971,Regular Season,Lotte Orions,24,"Daigo, Takeo",C,124,0.990,720,72,8,12,5,11913804
1971,Regular Season,Nankai Hawks,35,"Teraoka, Takashi",OF,40,1.000,59,1,0,0,,11913820
1971,Regular Season,Toei Flyers,18,"Takahashi, Yoshimasa",P,34,0.984,12,51,1,8,,11913824
1971,Regular Season,Nishitetsu Lions,27,"Takenochi, Masashi",1B,15,0.986,69,1,1,8,,11913826
1971,Regular Season,Nishitetsu Lions,27,"Takenochi, Masashi",3B,50,0.946,52,105,9,8,,11913826
1971,Regular Season,Nankai Hawks,5,"Tomita, Masaru",3B,52,0.899,28,96,14,6,,11913828
1971,Regular Season,Nankai Hawks,5,"Tomita, Masaru",OF,60,0.983,114,4,2,1,,11913828
1971,Regular Season,Chunichi Dragons,17,"Shibuya, Yukiharu",OF,1,0.000,0,0,0,0,,11913841
1971,Regular Season,Chunichi Dragons,17,"Shibuya, Yukiharu",P,41,0.923,13,35,4,2,,11913841
1971,Regular Season,Hanshin Tigers,5,"Suenaga, Masaaki",3B,9,0.895,2,15,2,1,,11913843
1971,Regular Season,Toei Flyers,20,"Miyazaki, Shoji",P,11,0.875,3,4,1,0,,13113825
1971,Regular Season,Taiyo Whales,15,"Hiraoka, Ichiro",1B,2,0.000,0,0,0,0,,21023820
1971,Regular Season,Taiyo Whales,15,"Hiraoka, Ichiro",3B,1,0.000,0,0,0,0,,21023820
1971,Regular Season,Taiyo Whales,15,"Hiraoka, Ichiro",P,31,1.000,2,12,0,0,,21023820
1971,Regular Season,Taiyo Whales,10,"Fukushima, Hisaaki",1B,3,1.000,5,0,0,0,,21023824
1971,Regular Season,Taiyo Whales,10,"Fukushima, Hisaaki",C,18,1.000,32,2,0,1,1,21023824
1971,Regular Season,Taiyo Whales,10,"Fukushima, Hisaaki",OF,2,0.000,0,0,0,0,,21023824
1971,Regular Season,Hankyu Braves,14,"Miyamoto, Yukinobu",P,34,1.000,1,11,0,0,,21023826
1971,Regular Season,Chunichi Dragons,54,"Miyoshi, Shinichi",SS,1,0.000,0,0,1,0,,21023828
1971,Regular Season,Taiyo Whales,68,"Nemoto, Manabu",OF,1,0.000,0,0,0,0,,21023843
1971,Regular Season,Hanshin Tigers,7,"Ikeda, Junichi",OF,83,0.991,102,4,1,1,,21123820
1971,Regular Season,Hankyu Braves,6,"Ishii, Akira",1B,75,0.988,312,14,4,35,,21123821
1971,Regular Season,Hankyu Braves,6,"Ishii, Akira",3B,1,1.000,0,1,0,0,,21123821
1971,Regular Season,Yomiuri Giants,25,"Aiba, Yoshihiro",OF,12,1.000,13,1,0,0,,21123825
1971,Regular Season,Lotte Orions,11,"Ikeda, Shigeki",P,31,1.000,2,18,0,1,,21123826
1971,Regular Season,Taiyo Whales,47,"Ishihata, Nobuhiro",P,11,1.000,0,3,0,0,,21123841
1971,Regular Season,Nishitetsu Lions,7,"Ihara, Haruki",3B,39,0.956,35,95,6,12,,21123843
1971,Regular Season,Lotte Orions,5,"Maeda, Masuho",1B,46,1.000,162,10,0,17,,21223808
1971,Regular Season,Lotte Orions,5,"Maeda, Masuho",2B,15,1.000,20,31,0,5,,21223808
1971,Regular Season,Lotte Orions,5,"Maeda, Masuho",3B,7,0.947,6,12,1,1,,21223808
1971,Regular Season,Lotte Orions,5,"Maeda, Masuho",SS,31,0.905,27,68,10,9,,21223808
1971,Regular Season,Taiyo Whales,55,"Morinaka, Chikara",P,13,1.000,0,3,0,0,,21223821
1971,Regular Season,Nishitetsu Lions,4,"Motoi, Mitsuo",2B,128,0.991,321,350,6,92,,21223824
1971,Regular Season,Nishitetsu Lions,4,"Motoi, Mitsuo",3B,1,1.000,0,1,0,0,,21223824
1971,Regular Season,Nishitetsu Lions,4,"Motoi, Mitsuo",SS,1,0.667,1,3,2,1,,21223824
1971,Regular Season,Toei Flyers,28,"Oishi, Katsuhiko",OF,26,1.000,16,3,0,1,,21323820
1971,Regular Season,Yomiuri Giants,44,"Saishiyo, Toshiro",OF,25,1.000,10,0,0,0,,21323822
1971,Regular Season,Yomiuri Giants,2,"Ueda, Takeshi",2B,6,1.000,1,5,0,1,,21323824
1971,Regular Season,Yomiuri Giants,2,"Ueda, Takeshi",3B,7,0.857,1,5,1,0,,21323824
1971,Regular Season,Yomiuri Giants,2,"Ueda, Takeshi",SS,69,0.969,76,175,8,26,,21323824
1971,Regular Season,Hanshin Tigers,31,"Kirkland, Willie",OF,95,0.974,142,5,4,1,,21323826
1971,Regular Season,Kintetsu Buffaloes,15,"Okada, Mitsuo",P,1,0.000,0,0,0,0,,21323828
1971,Regular Season,Kintetsu Buffaloes,20,"Onosaka, Kiyoshi",OF,1,0.000,0,0,0,0,,21323829
1971,Regular Season,Toei Flyers,31,"Oyamada, Kenichi",C,1,0.000,0,0,0,0,0,21323841
1971,Regular Season,Nankai Hawks,32,"Ogata, Osamu",P,11,1.000,0,2,0,0,,21323843
1971,Regular Season,Yakult Atoms,5,"Roberts, Dave",1B,128,0.993,1203,95,9,120,,21423824
1971,Regular Season,Yakult Atoms,5,"Roberts, Dave",OF,1,1.000,1,0,0,0,,21423824
1971,Regular Season,Yakult Atoms,41,"Murakoshi, Minoru",1B,2,1.000,11,0,0,1,,21423841
1971,Regular Season,Nankai Hawks,58,"Yamamoto, Seizo",3B,2,0.000,0,0,0,0,,21423843
1971,Regular Season,Nankai Hawks,58,"Yamamoto, Seizo",OF,1,0.000,0,0,0,0,,21423843
1971,Regular Season,Hiroshima Toyo Carp,55,"Shiraishi, Shizuo",P,33,0.976,6,34,1,3,,21523822
1971,Regular Season,Toei Flyers,19,"Ozaki, Yukio",P,24,1.000,0,4,0,0,,21523825
1971,Regular Season,Hiroshima Toyo Carp,5,"Kunisada, Yasuhiro",2B,125,0.978,255,274,12,74,,21523829
1971,Regular Season,Hiroshima Toyo Carp,36,"Kobayashi, Masayuki",3B,33,0.969,13,49,2,2,,21523843
1971,Regular Season,Hiroshima Toyo Carp,36,"Kobayashi, Masayuki",SS,1,1.000,1,0,0,0,,21523843
1971,Regular Season,Taiyo Whales,35,"Hayashi, Kenzo",OF,11,1.000,8,0,0,0,,21623825
1971,Regular Season,Nankai Hawks,25,"Takahashi, Hiroshi",1B,2,1.000,6,1,0,1,,21723820
1971,Regular Season,Nankai Hawks,25,"Takahashi, Hiroshi",3B,79,0.937,54,168,15,8,,21723820
1971,Regular Season,Nankai Hawks,25,"Takahashi, Hiroshi",SS,31,0.948,71,92,9,21,,21723820
1971,Regular Season,Hankyu Braves,35,"Takai, Yasuhiro",1B,2,1.000,18,0,0,4,,21723822
1971,Regular Season,Chunichi Dragons,44,"Koizumi, Tsuneyoshi",1B,2,1.000,8,1,0,1,,21723825
1971,Regular Season,Chunichi Dragons,44,"Koizumi, Tsuneyoshi",OF,3,0.000,0,0,0,0,,21723825
1971,Regular Season,Hanshin Tigers,20,"Tsuji, Yasuhiko",C,130,0.994,834,109,6,11,7,21723827
1971,Regular Season,Nankai Hawks,14,"Sato, Michio",P,39,1.000,2,14,0,1,,21723841
1971,Regular Season,Nishitetsu Lions,56,"Sakaguchi, Tadaaki",P,28,0.889,0,8,1,0,,21723843
1971,Regular Season,Toei Flyers,33,"Busujima, Shoichi",2B,1,0.000,0,0,0,0,,21823809
1971,Regular Season,Toei Flyers,33,"Busujima, Shoichi",OF,1,0.000,0,0,0,0,,21823809
1971,Regular Season,Toei Flyers,33,"Busujima, Shoichi",SS,2,0.000,0,0,0,0,,21823809
1971,Regular Season,Yomiuri Giants,29,"Hamamura, Takashi",2B,2,1.000,0,3,0,0,,21923822
1971,Regular Season,Yomiuri Giants,29,"Hamamura, Takashi",SS,33,0.908,22,37,6,9,,21923822
1971,Regular Season,Chunichi Dragons,31,"Takagi, Tokio",3B,1,0.000,0,0,0,0,,21923823
1971,Regular Season,Chunichi Dragons,31,"Takagi, Tokio",OF,25,0.000,0,0,0,0,,21923823
1971,Regular Season,Chunichi Dragons,31,"Takagi, Tokio",SS,1,0.000,0,0,0,0,,21923823
1971,Regular Season,Hankyu Braves,38,"Nagare, Toshiharu",P,5,1.000,2,1,0,0,,21923824
1971,Regular Season,Yakult Atoms,6,"Nakano, Takayuki",2B,5,1.000,6,8,0,5,,21923826
1971,Regular Season,Yakult Atoms,6,"Nakano, Takayuki",3B,2,1.000,0,2,0,0,,21923826
1971,Regular Season,Yakult Atoms,6,"Nakano, Takayuki",OF,3,0.000,0,0,0,0,,21923826
1971,Regular Season,Yakult Atoms,6,"Nakano, Takayuki",SS,1,1.000,1,0,0,0,,21923826
1971,Regular Season,Lotte Orions,1,"Hirose, Osamu",2B,2,1.000,0,2,0,0,,21923828
1971,Regular Season,Lotte Orions,1,"Hirose, Osamu",SS,112,0.965,146,299,16,52,,21923828
1971,Regular Season,Yakult Atoms,12,"Toyama, Yoshiaki",OF,21,1.000,12,1,0,0,,21923841
1971,Regular Season,Yakult Atoms,12,"Toyama, Yoshiaki",P,33,1.000,11,33,0,4,,21923841
1971,Regular Season,Taiyo Whales,29,"Tanioka, Kiyoshi",1B,1,0.000,0,0,0,0,,21923843
1971,Regular Season,Hanshin Tigers,6,"Fujita, Taira",3B,5,1.000,3,8,0,1,,31033822
1971,Regular Season,Hanshin Tigers,6,"Fujita, Taira",SS,120,0.964,200,309,19,49,,31033822
1971,Regular Season,Chunichi Dragons,5,"Hino, Shigeru",2B,2,1.000,5,1,0,1,,31033826
1971,Regular Season,Chunichi Dragons,5,"Hino, Shigeru",SS,4,1.000,6,4,0,1,,31033826
1971,Regular Season,Nankai Hawks,28,"Hayashi, Toshihiro",1B,12,0.976,78,2,2,3,,31033827
1971,Regular Season,Nankai Hawks,28,"Hayashi, Toshihiro",OF,5,1.000,9,1,0,1,,31033827
1971,Regular Season,Nankai Hawks,7,"Fujiwara, Mitsuru",2B,2,1.000,0,2,0,0,,31033828
1971,Regular Season,Nankai Hawks,7,"Fujiwara, Mitsuru",3B,18,0.875,5,16,3,1,,31033828
1971,Regular Season,Nankai Hawks,7,"Fujiwara, Mitsuru",SS,63,0.958,77,126,9,19,,31033828
1971,Regular Season,Yakult Atoms,11,"Nishii, Tetsuo",OF,12,0.000,0,0,0,0,,31033841
1971,Regular Season,Yakult Atoms,11,"Nishii, Tetsuo",P,26,0.975,4,35,1,3,,31033841
1971,Regular Season,Nishitetsu Lions,52,"Toyokura, Koji",P,3,1.000,1,1,0,0,,31033843
1971,Regular Season,Yomiuri Giants,47,"Abe, Narihiro",OF,4,1.000,4,0,0,0,,31133820
1971,Regular Season,Kintetsu Buffaloes,33,"Aikawa, Susumu",2B,19,0.977,17,26,1,4,,31133822
1971,Regular Season,Kintetsu Buffaloes,33,"Aikawa, Susumu",3B,17,1.000,7,27,0,5,,31133822
1971,Regular Season,Hiroshima Toyo Carp,44,"Aoki, Katsuo",C,1,0.000,0,0,0,0,0,31133824
1971,Regular Season,Lotte Orions,7,"Altman, George",OF,108,0.977,165,4,4,1,,31133826
1971,Regular Season,Nishitetsu Lions,35,"Abe, Yoshio",OF,85,1.000,140,3,0,1,,31133828
1971,Regular Season,Yomiuri Giants,10,"Ano, Koji",C,46,0.994,162,16,1,1,3,31133841
1971,Regular Season,Yakult Atoms,18,"Aida, Teruo",OF,4,0.000,0,0,0,0,,31133843
1971,Regular Season,Yakult Atoms,18,"Aida, Teruo",P,35,0.971,8,25,1,0,,31133843
1971,Regular Season,Toei Flyers,10,"Harimoto, Isao",OF,127,0.981,253,8,5,3,,31233808
1971,Regular Season,Kintetsu Buffaloes,37,"Matsubara, Yoshiaki",OF,1,1.000,3,0,0,0,,31233824
1971,Regular Season,Lotte Orions,9,"Lopez, Art",OF,128,0.996,220,5,1,1,,31233826
1971,Regular Season,Hanshin Tigers,21,"Yamao, Takao",1B,1,0.000,0,0,0,0,,31233827
1971,Regular Season,Hanshin Tigers,21,"Yamao, Takao",OF,86,0.981,148,3,3,0,,31233827
1971,Regular Season,Yomiuri Giants,30,"Yamauchi, Shinichi",P,33,0.962,3,22,1,4,,31233828
1971,Regular Season,Hiroshima Toyo Carp,43,"Fukazawa, Shuichi",OF,78,0.993,132,6,1,2,,31233841
1971,Regular Season,Lotte Orions,30,"Fujii, Nobuyuki",OF,5,1.000,1,0,0,0,,31233843
1971,Regular Season,Hiroshima Toyo Carp,6,"Imazu, Mitsuo",2B,10,0.824,6,8,3,2,,31333806
1971,Regular Season,Hiroshima Toyo Carp,6,"Imazu, Mitsuo",SS,28,0.931,39,42,6,5,,31333806
1971,Regular Season,Chunichi Dragons,12,"Ejima, Takumi",OF,95,0.989,84,6,1,0,,31333826
1971,Regular Season,Nishitetsu Lions,74,"Uchida, Terufumi",P,1,0.000,0,0,0,0,,31333841
1971,Regular Season,Chunichi Dragons,18,"Inaba, Mitsuo",OF,3,0.000,0,0,0,0,,31333843
1971,Regular Season,Chunichi Dragons,18,"Inaba, Mitsuo",P,21,1.000,1,12,0,0,,31333843
1971,Regular Season,Lotte Orions,2,"Yamazaki, Hiroyuki",2B,122,0.976,286,291,14,68,,31433820
1971,Regular Season,Taiyo Whales,17,"Yamashita, Ritsuo",OF,1,0.000,0,0,0,0,,31433824
1971,Regular Season,Taiyo Whales,17,"Yamashita, Ritsuo",P,27,1.000,9,31,0,2,,31433824
1971,Regular Season,Chunichi Dragons,21,"Matsumoto, Yukitsura",OF,2,0.000,0,0,0,0,,31433841
1971,Regular Season,Chunichi Dragons,21,"Matsumoto, Yukitsura",P,41,0.950,5,33,2,0,,31433841
1971,Regular Season,Nankai Hawks,9,"Yabe, Noriyoshi",SS,1,1.000,0,5,0,0,,31433843
1971,Regular Season,Hankyu Braves,29,"Okamura, Koji",1B,1,0.000,0,0,0,0,,31533808
1971,Regular Season,Hankyu Braves,29,"Okamura, Koji",C,123,0.987,627,51,9,4,8,31533808
1971,Regular Season,Chunichi Dragons,19,"Kawauchi, Yasuo",P,43,1.000,10,32,0,1,,31533820
1971,Regular Season,Toei Flyers,2,"Iwashita, Koichi",2B,1,1.000,2,2,0,0,,31533825
1971,Regular Season,Toei Flyers,2,"Iwashita, Koichi",3B,16,0.953,8,33,2,3,,31533825
1971,Regular Season,Nishitetsu Lions,18,"Kawahara, Akira",P,50,0.960,6,42,2,4,,31533826
1971,Regular Season,Hankyu Braves,27,"Kiritoshi, Takeshi",OF,1,0.500,1,0,1,0,,31533828
1971,Regular Season,Chunichi Dragons,14,"Yazawa, Kenichi",OF,119,0.988,226,11,3,3,,31633841
1971,Regular Season,Chunichi Dragons,22,"Watabe, Tsukasa",P,17,0.944,2,15,1,1,,31633843
1971,Regular Season,Kintetsu Buffaloes,1,"Suzuki, Keishi",P,43,1.000,10,42,0,3,,31733822
1971,Regular Season,Chunichi Dragons,33,"Tanabe, Osamu",OF,2,0.000,0,0,0,0,,31733827
1971,Regular Season,Chunichi Dragons,33,"Tanabe, Osamu",P,14,1.000,3,6,0,0,,31733827
1971,Regular Season,Hiroshima Toyo Carp,21,"Saeki, Kazushi",P,25,0.960,6,18,1,1,,31733843
1971,Regular Season,Lotte Orions,47,"Koyama, Masaaki",P,35,0.980,10,38,1,3,,31933807
1971,Regular Season,Taiyo Whales,12,"Sakai, Katsuji",P,25,0.957,5,39,2,3,,31933808
1971,Regular Season,Kintetsu Buffaloes,25,"Kitagawa, Koichi",1B,1,1.000,2,0,0,0,,31933809
1971,Regular Season,Kintetsu Buffaloes,25,"Kitagawa, Koichi",OF,17,1.000,5,0,0,0,,31933809
1971,Regular Season,Yakult Atoms,2,"Takegami, Shiro",2B,125,0.984,277,348,10,81,,31933824
1971,Regular Season,Yakult Atoms,2,"Takegami, Shiro",SS,11,1.000,14,17,0,4,,31933824
1971,Regular Season,Kintetsu Buffaloes,16,"Sasaki, Koichiro",1B,1,0.000,0,0,0,0,,31933825
1971,Regular Season,Kintetsu Buffaloes,16,"Sasaki, Koichiro",P,41,0.970,13,51,2,3,,31933825
1971,Regular Season,Taiyo Whales,36,"Takemura, Kazuyoshi",P,38,0.963,2,24,1,1,,31933826
1971,Regular Season,Toei Flyers,30,"Nakahara, Masatoshi",2B,1,1.000,0,2,0,0,,31933828
1971,Regular Season,Toei Flyers,30,"Nakahara, Masatoshi",3B,103,0.963,86,201,11,18,,31933828
1971,Regular Season,Hankyu Braves,25,"Spencer, Daryl",1B,28,0.995,195,13,1,14,,31933829
1971,Regular Season,Hankyu Braves,25,"Spencer, Daryl",2B,1,0.800,3,1,1,1,,31933829
1971,Regular Season,Toei Flyers,15,"Sugita, Hisao",P,4,1.000,1,2,0,0,,31933843
1971,Regular Season,Hanshin Tigers,27,"Wako, Tomo",P,30,0.946,1,34,2,1,,33333802
1971,Regular Season,Lotte Orions,6,"Senda, Keisuke",2B,9,0.941,6,10,1,2,,41043825
1971,Regular Season,Lotte Orions,6,"Senda, Keisuke",3B,2,0.667,1,1,1,0,,41043825
1971,Regular Season,Lotte Orions,6,"Senda, Keisuke",SS,39,0.971,25,41,2,9,,41043825
1971,Regular Season,Lotte Orions,29,"Murata, Choji",OF,2,0.000,0,0,0,0,,41043826
1971,Regular Season,Lotte Orions,29,"Murata, Choji",P,43,0.955,8,34,2,0,,41043826
1971,Regular Season,Nankai Hawks,15,"Murakami, Masanori",P,38,0.958,11,58,3,8,,41043827
1971,Regular Season,Hiroshima Toyo Carp,18,"Nishikawa, Katsuhiro",P,24,1.000,2,9,0,1,,41043829
1971,Regular Season,Yomiuri Giants,32,"Hagiwara, Yasuhiro",OF,44,0.964,51,2,2,1,,41043841
1971,Regular Season,Taiyo Whales,3,"Noguchi, Yoshio",2B,31,0.948,34,39,4,7,,41043843
1971,Regular Season,Taiyo Whales,3,"Noguchi, Yoshio",3B,24,0.938,5,25,2,2,,41043843
1971,Regular Season,Taiyo Whales,3,"Noguchi, Yoshio",SS,8,1.000,5,14,0,4,,41043843
1971,Regular Season,Hankyu Braves,20,"Ishii, Shigeo",P,26,0.818,2,7,2,0,,41143806
1971,Regular Season,Kintetsu Buffaloes,19,"Ito, Tatsuhiko",3B,49,0.974,22,52,2,4,,41143808
1971,Regular Season,Kintetsu Buffaloes,19,"Ito, Tatsuhiko",OF,2,0.000,0,0,0,0,,41143808
1971,Regular Season,Nankai Hawks,6,"Aono, Shuzo",1B,1,1.000,1,1,0,0,,41143825
1971,Regular Season,Nankai Hawks,6,"Aono, Shuzo",3B,1,1.000,1,0,0,1,,41143825
1971,Regular Season,Nishitetsu Lions,19,"Izumisawa, Akira",P,14,1.000,0,8,0,0,,41143841
1971,Regular Season,Nankai Hawks,55,"Ikeuchi, Yutaka",P,1,0.000,0,0,0,0,,41143843
1971,Regular Season,Hiroshima Toyo Carp,22,"Miyamoto, Yojiro",P,27,1.000,1,17,0,0,,41243820
1971,Regular Season,Lotte Orions,27,"Yagisawa, Soroku",P,23,1.000,1,7,0,0,,41243824
1971,Regular Season,Hankyu Braves,2,"Watanabe, Tsutomu",3B,10,1.000,1,5,0,0,,41243828
1971,Regular Season,Hankyu Braves,2,"Watanabe, Tsutomu",OF,8,0.000,0,0,0,0,,41243828
1971,Regular Season,Hankyu Braves,2,"Watanabe, Tsutomu",SS,13,0.923,6,6,1,2,,41243828
1971,Regular Season,Hanshin Tigers,51,"Furusawa, Kenji",P,36,0.985,12,52,1,4,,41243829
1971,Regular Season,Taiyo Whales,48,"Mashiba, Shigekuni",P,2,0.000,0,0,0,0,,41243841
1971,Regular Season,Toei Flyers,27,"Minagawa, Yasuo",P,46,0.984,12,50,1,5,,41243843
1971,Regular Season,Hanshin Tigers,41,"Kamata, Minoru",1B,1,1.000,0,1,0,0,,41343804
1971,Regular Season,Hanshin Tigers,41,"Kamata, Minoru",2B,46,0.975,81,72,4,14,,41343804
1971,Regular Season,Hanshin Tigers,41,"Kamata, Minoru",OF,1,0.000,0,0,0,0,,41343804
1971,Regular Season,Toei Flyers,51,"Osugi, Katsuo",1B,130,0.996,1262,74,6,116,,41343820
1971,Regular Season,Toei Flyers,51,"Osugi, Katsuo",3B,1,0.000,0,0,0,0,,41343820
1971,Regular Season,Hanshin Tigers,28,"Enatsu, Yutaka",P,45,0.943,4,29,2,4,,41343824
1971,Regular Season,Nishitetsu Lions,26,"Kai, Kazuo",3B,2,1.000,3,1,0,0,,41343826
1971,Regular Season,Nishitetsu Lions,26,"Kai, Kazuo",SS,25,0.930,42,65,8,13,,41343826
1971,Regular Season,Yakult Atoms,27,"Oya, Akihiko",C,126,0.984,624,99,12,13,11,41343841
1971,Regular Season,Yakult Atoms,24,"Oki, Katsutoshi",OF,3,0.000,0,0,0,0,,41343843
1971,Regular Season,Yakult Atoms,24,"Oki, Katsutoshi",P,5,0.667,0,2,1,0,,41343843
1971,Regular Season,Nankai Hawks,20,"Watanabe, Taisuke",OF,2,0.000,0,0,0,0,,41443820
1971,Regular Season,Nankai Hawks,20,"Watanabe, Taisuke",P,13,1.000,1,12,0,1,,41443820
1971,Regular Season,Kintetsu Buffaloes,22,"Miyahara, Hideaki",OF,6,1.000,6,0,0,0,,41443823
1971,Regular Season,Yakult Atoms,25,"Miyahara, Hideaki",OF,10,1.000,5,0,0,0,,41443823
1971,Regular Season,Nishitetsu Lions,36,"Yoneyama, Tetsuo",2B,4,0.905,11,8,2,2,,41443843
1971,Regular Season,Nishitetsu Lions,36,"Yoneyama, Tetsuo",3B,28,0.867,13,52,10,3,,41443843
1971,Regular Season,Nishitetsu Lions,36,"Yoneyama, Tetsuo",SS,1,0.000,0,0,0,0,,41443843
1971,Regular Season,Chunichi Dragons,7,"Shintaku, Hiroshi",C,55,0.992,121,10,1,0,0,41543822
1971,Regular Season,Nishitetsu Lions,43,"Goto, Kiyoshi",P,30,0.882,4,11,2,2,,41543826
1971,Regular Season,Kintetsu Buffaloes,23,"Shibaike, Hiroaki",OF,1,0.000,0,0,0,0,,41543828
1971,Regular Season,Kintetsu Buffaloes,23,"Shibaike, Hiroaki",P,43,0.923,2,10,1,0,,41543828
1971,Regular Season,Hankyu Braves,8,"Komatsu, Kenji",OF,19,1.000,19,0,0,0,,41543843
1971,Regular Season,Chunichi Dragons,3,"Naka, Toshio",OF,98,1.000,196,3,0,1,,41643800
1971,Regular Season,Nankai Hawks,12,"Hirose, Yoshinori",OF,121,0.997,283,8,1,0,,41643802
1971,Regular Season,Nankai Hawks,3,"Higuchi, Shozo",OF,47,0.984,58,2,1,0,,41643825
1971,Regular Season,Yomiuri Giants,11,"Watanabe, Hidetake",P,38,1.000,13,59,0,3,,41643829
1971,Regular Season,Yomiuri Giants,8,"Takada, Shigeru",OF,124,0.992,248,10,2,5,,41743826
1971,Regular Season,Kintetsu Buffaloes,8,"Tsuji, Yoshinori",C,107,0.985,535,66,9,7,8,41743827
1971,Regular Season,Lotte Orions,18,"Sakota, Shichiro",P,1,0.000,0,0,0,0,,41743829
1971,Regular Season,Kintetsu Buffaloes,5,"Johnson, Elijah",1B,12,0.985,62,3,1,6,,41743843
1971,Regular Season,Kintetsu Buffaloes,5,"Johnson, Elijah",3B,40,0.918,24,66,8,5,,41743843
1971,Regular Season,Taiyo Whales,25,"Matsubara, Makoto",1B,108,0.992,976,56,8,65,,41843825
1971,Regular Season,Taiyo Whales,25,"Matsubara, Makoto",2B,4,1.000,0,3,0,0,,41843825
1971,Regular Season,Taiyo Whales,25,"Matsubara, Makoto",3B,45,0.961,26,72,4,6,,41843825
1971,Regular Season,Taiyo Whales,25,"Matsubara, Makoto",SS,2,0.500,0,1,1,0,,41843825
1971,Regular Season,Hanshin Tigers,24,"Tohi, Goro",1B,104,0.993,796,48,6,57,,41943806
1971,Regular Season,Lotte Orions,46,"Narita, Fumio",1B,1,0.000,0,0,0,0,,41943820
1971,Regular Season,Lotte Orions,46,"Narita, Fumio",P,35,0.946,4,31,2,2,,41943820
1971,Regular Season,Nishitetsu Lions,14,"Takahashi, Akira",OF,1,0.000,0,0,0,,,41943823
1971,Regular Season,Nishitetsu Lions,14,"Takahashi, Akira",P,43,0.972,8,61,2,5,,41943823
1971,Regular Season,Hanshin Tigers,43,"Nishimura, Koichi",1B,7,1.000,19,1,0,1,,41943824
1971,Regular Season,Hanshin Tigers,43,"Nishimura, Koichi",3B,40,0.979,25,68,2,1,,41943824
1971,Regular Season,Kintetsu Buffaloes,10,"Nagabuchi, Yozo",OF,128,0.981,253,4,5,1,,41943826
1971,Regular Season,Lotte Orions,49,"Hasegawa, Kazuo",1B,1,1.000,1,0,0,1,,41943827
1971,Regular Season,Lotte Orions,49,"Hasegawa, Kazuo",OF,24,1.000,32,1,0,0,,41943827
1971,Regular Season,Yomiuri Giants,12,"Taki, Yasuharu",2B,7,1.000,6,5,0,1,,41943829
1971,Regular Season,Yomiuri Giants,12,"Taki, Yasuharu",3B,12,0.875,2,5,1,0,,41943829
1971,Regular Season,Yomiuri Giants,12,"Taki, Yasuharu",SS,17,1.000,11,18,0,3,,41943829
1971,Regular Season,Toei Flyers,16,"Nakahara, Isamu",P,43,1.000,4,13,0,0,,41943841
1971,Regular Season,Hanshin Tigers,18,"Tanimura, Tomohiro",P,24,0.909,2,18,2,1,,41943843
1971,Regular Season,Yomiuri Giants,27,"Mori, Masahiko",C,93,0.998,494,38,1,4,2,43543800
1971,Regular Season,Hanshin Tigers,44,"Fujita, Norihiro",C,13,1.000,8,2,0,0,0,51053822
1971,Regular Season,Toei Flyers,22,"Tanemo, Masayuki",C,121,0.993,532,69,4,12,2,51053823
1971,Regular Season,Hankyu Braves,7,"Hirabayashi, Jiro",2B,1,1.000,1,2,0,1,,51053824
1971,Regular Season,Yomiuri Giants,15,"Jonochi, Kunio",OF,1,0.000,0,0,0,0,,51053825
1971,Regular Season,Yomiuri Giants,15,"Jonochi, Kunio",P,5,1.000,0,3,0,1,,51053825
1971,Regular Season,Nishitetsu Lions,22,"Higashida, Masayoshi",OF,124,0.977,247,7,6,1,,51053826
1971,Regular Season,Chunichi Dragons,20,"Hoshino, Senichi",P,35,1.000,3,30,0,1,,51053828
1971,Regular Season,Hankyu Braves,11,"Toda, Yoshinori",OF,1,0.000,0,0,0,0,,51053829
1971,Regular Season,Hankyu Braves,11,"Toda, Yoshinori",P,12,0.000,0,0,0,0,,51053829
1971,Regular Season,Kintetsu Buffaloes,28,"Nakazawa, Haruo",3B,25,0.941,1,15,1,1,,51053843
1971,Regular Season,Kintetsu Buffaloes,28,"Nakazawa, Haruo",OF,1,0.000,0,0,0,0,,51053843
1971,Regular Season,Kintetsu Buffaloes,2,"Iida, Yukio",2B,70,0.975,126,150,7,41,,51153822
1971,Regular Season,Kintetsu Buffaloes,2,"Iida, Yukio",3B,11,0.944,5,12,1,2,,51153822
1971,Regular Season,Kintetsu Buffaloes,2,"Iida, Yukio",OF,1,0.000,0,0,0,0,,51153822
1971,Regular Season,Kintetsu Buffaloes,2,"Iida, Yukio",SS,2,0.750,2,1,1,0,,51153822
1971,Regular Season,Nishitetsu Lions,37,"Akiba, Keizo",P,1,0.000,0,0,0,0,,51153828
1971,Regular Season,Hiroshima Toyo Carp,16,"Aniya, Sohachi",P,12,0.667,1,1,1,0,,51153829
1971,Regular Season,Yakult Atoms,46,"Akasaka, Mitsuaki",OF,6,0.000,0,0,0,0,,51153843
1971,Regular Season,Hiroshima Toyo Carp,9,"Mimura, Toshiyuki",3B,15,0.921,8,27,3,4,,51253824
1971,Regular Season,Hiroshima Toyo Carp,9,"Mimura, Toshiyuki",SS,121,0.970,178,309,15,61,,51253824
1971,Regular Season,Hankyu Braves,1,"Yamaguchi, Fujio",2B,104,0.982,137,133,5,36,,51253827
1971,Regular Season,Hankyu Braves,1,"Yamaguchi, Fujio",3B,3,1.000,0,2,0,0,,51253827
1971,Regular Season,Hankyu Braves,1,"Yamaguchi, Fujio",SS,8,1.000,9,4,0,0,,51253827
1971,Regular Season,Hankyu Braves,17,"Yamada, Hisashi",P,46,0.929,5,34,3,4,,51253828
1971,Regular Season,Yomiuri Giants,28,"Fukushi, Hiroaki",P,2,1.000,0,3,0,0,,51253841
1971,Regular Season,Lotte Orions,33,"Furukawa, Akira",3B,1,0.750,0,3,1,0,,51253843
1971,Regular Season,Taiyo Whales,19,"Ejiri, Akira",OF,126,0.989,246,15,3,3,,51353820
1971,Regular Season,Lotte Orions,34,"Ikebe, Takenori",OF,106,0.988,250,4,3,1,,51353825
1971,Regular Season,Kintetsu Buffaloes,7,"Ogawa, Toru",1B,57,0.994,303,12,2,27,,51353826
1971,Regular Season,Kintetsu Buffaloes,7,"Ogawa, Toru",OF,100,0.989,177,6,2,2,,51353826
1971,Regular Season,Chunichi Dragons,58,"Osumi, Masato",P,1,0.000,0,0,0,0,,51353828
1971,Regular Season,Chunichi Dragons,2,"Ichieda, Shuhei",2B,15,0.981,18,34,1,5,,51353829
1971,Regular Season,Chunichi Dragons,2,"Ichieda, Shuhei",3B,7,1.000,6,15,0,1,,51353829
1971,Regular Season,Chunichi Dragons,2,"Ichieda, Shuhei",SS,13,0.970,13,19,1,6,,51353829
1971,Regular Season,Nishitetsu Lions,23,"Umeda, Kunizo",SS,67,0.923,58,74,11,18,,51353841
1971,Regular Season,Hankyu Braves,21,"Imai, Yutaro",P,1,0.000,0,0,1,0,,51353843
1971,Regular Season,Hanshin Tigers,11,"Murayama, Minoru",P,19,1.000,1,17,0,0,,51453808
1971,Regular Season,Nankai Hawks,26,"Yamamoto, Tadao",2B,25,0.980,25,23,1,7,,51453824
1971,Regular Season,Nankai Hawks,26,"Yamamoto, Tadao",3B,12,1.000,3,6,0,1,,51453824
1971,Regular Season,Nankai Hawks,26,"Yamamoto, Tadao",SS,3,1.000,2,2,0,1,,51453824
1971,Regular Season,Kintetsu Buffaloes,3,"Doi, Masahiro",OF,126,1.000,224,3,0,0,,51453825
1971,Regular Season,Toei Flyers,5,"Matsumura, Masaharu",3B,11,0.857,9,15,4,3,,51453829
1971,Regular Season,Chunichi Dragons,4,"Miller, John",1B,125,0.995,1256,68,6,103,,51453841
1971,Regular Season,Nankai Hawks,36,"Yabukami, Toshio",P,10,1.000,0,1,0,0,,51453843
1971,Regular Season,Hiroshima Toyo Carp,10,"Okitsu, Tatsuo",1B,9,1.000,53,4,0,10,,51553808
1971,Regular Season,Hiroshima Toyo Carp,11,"Kihara, Yoshitaka",P,35,1.000,3,13,0,1,,51553820
1971,Regular Season,Nankai Hawks,45,"Shibata, Takeshi",C,33,1.000,36,6,0,2,0,51553822
1971,Regular Season,Toei Flyers,4,"Sano, Yoshiyuki",2B,19,0.974,34,40,2,10,,51553827
1971,Regular Season,Toei Flyers,4,"Sano, Yoshiyuki",3B,12,0.792,5,14,5,0,,51553827
1971,Regular Season,Toei Flyers,4,"Sano, Yoshiyuki",SS,7,1.000,3,3,0,1,,51553827
1971,Regular Season,Toei Flyers,12,"Kataoka, Ken",3B,1,0.000,0,0,0,0,,51553841
1971,Regular Season,Toei Flyers,12,"Kataoka, Ken",P,24,1.000,6,9,0,0,,51553841
1971,Regular Season,Nishitetsu Lions,39,"Kataoka, Shinnosuke",C,29,0.977,112,18,3,3,3,51553843
1971,Regular Season,Taiyo Whales,9,"Yasuda, Taiichi",OF,16,1.000,12,1,0,0,,51653841
1971,Regular Season,Hiroshima Toyo Carp,14,"Sotokoba, Yoshiro",P,37,0.941,6,26,2,0,,51753820
1971,Regular Season,Hankyu Braves,28,"Sumitomo, Taira",2B,51,0.966,71,73,5,14,,51753822
1971,Regular Season,Hankyu Braves,4,"Sakamoto, Toshizo",SS,126,0.964,203,356,21,64,,51753824
1971,Regular Season,Nishitetsu Lions,5,"Takagi, Takashi",1B,94,0.996,687,56,3,65,,51753827
1971,Regular Season,Nishitetsu Lions,15,"Tanaka, Akira",P,49,1.000,9,22,0,1,,51753828
1971,Regular Season,Taiyo Whales,51,"Sato, Issei",OF,7,1.000,3,0,0,0,,51753829
1971,Regular Season,Yomiuri Giants,13,"Kosaka, Toshihiko",P,17,1.000,2,5,0,1,,51753841
1971,Regular Season,Kintetsu Buffaloes,35,"Sato, Takehide",1B,2,0.000,0,0,0,0,,51753843
1971,Regular Season,Kintetsu Buffaloes,35,"Sato, Takehide",OF,14,1.000,7,0,0,0,,51753843
1971,Regular Season,Hanshin Tigers,15,"Gondo, Masatoshi",P,22,1.000,0,16,0,0,,51953807
1971,Regular Season,Yomiuri Giants,6,"Doi, Shozo",2B,100,0.971,183,217,12,52,,51953820
1971,Regular Season,Yomiuri Giants,23,"Tsuchida, Makoto",C,1,1.000,2,0,0,0,1,51953824
1971,Regular Season,Yomiuri Giants,23,"Tsuchida, Makoto",OF,36,0.951,38,1,2,0,,51953824
1971,Regular Season,Chunichi Dragons,26,"Tsuchiya, Hiroshi",2B,1,0.000,0,0,0,0,,51953826
1971,Regular Season,Chunichi Dragons,26,"Tsuchiya, Hiroshi",P,12,1.000,1,2,0,0,,51953826
1971,Regular Season,Kintetsu Buffaloes,14,"Sei, Toshihiko",P,47,0.983,10,48,1,7,,51953829
1971,Regular Season,Nishitetsu Lions,53,"Takahashi, Akira",OF,1,0.000,1,0,0,0,,51953841
1971,Regular Season,Yomiuri Giants,49,"Sugiyama, Shigeru",OF,2,0.000,0,0,0,0,,51953843
1971,Regular Season,Yakult Atoms,7,"Fukutomi, Kunio",1B,1,1.000,1,0,0,0,,61063820
1971,Regular Season,Yakult Atoms,7,"Fukutomi, Kunio",OF,123,0.973,211,4,6,1,,61063820
1971,Regular Season,Hiroshima Toyo Carp,4,"Mizutani, Jitsuo",OF,122,0.984,301,6,5,2,,61063822
1971,Regular Season,Hiroshima Toyo Carp,46,"Fujimoto, Kazuhiro",P,43,0.947,4,14,1,2,,61063824
1971,Regular Season,Toei Flyers,24,"Yamamoto, Tsuneyuki",2B,1,0.000,0,0,0,0,,61063826
1971,Regular Season,Toei Flyers,24,"Yamamoto, Tsuneyuki",C,4,0.909,9,1,1,0,0,61063826
1971,Regular Season,Hankyu Braves,58,"Hashimoto, Tsutomu",OF,1,0.000,0,0,0,0,,61063841
1971,Regular Season,Hankyu Braves,58,"Hashimoto, Tsutomu",P,4,1.000,0,1,0,0,,61063841
1971,Regular Season,Chunichi Dragons,6,"Shirley, Birt",2B,3,0.000,0,0,0,0,,61063843
1971,Regular Season,Chunichi Dragons,6,"Shirley, Birt",3B,2,0.000,0,0,0,0,,61063843
1971,Regular Season,Chunichi Dragons,6,"Shirley, Birt",SS,119,0.962,161,320,19,67,,61063843
1971,Regular Season,Lotte Orions,23,"Ishiguro, Kazuhiro",OF,3,1.000,3,0,0,0,,61163809
1971,Regular Season,Yakult Atoms,39,"Inoe, Yoichi",OF,73,1.000,42,1,0,0,,61163824
1971,Regular Season,Taiyo Whales,4,"Iizuka, Yoshihiro",2B,8,1.000,4,8,0,1,,61163828
1971,Regular Season,Taiyo Whales,4,"Iizuka, Yoshihiro",SS,64,0.987,61,87,2,17,,61163828
1971,Regular Season,Lotte Orions,37,"Ishizuka, Masaji",C,2,1.000,8,0,0,0,0,61163843
1971,Regular Season,Hankyu Braves,9,"Morimoto, Kiyoshi",3B,130,0.952,78,260,17,22,,61263820
1971,Regular Season,Hankyu Braves,9,"Morimoto, Kiyoshi",SS,1,1.000,1,1,0,0,,61263820
1971,Regular Season,Kintetsu Buffaloes,57,"Manabe, Mikizo",1B,1,0.000,0,0,0,0,,61263841
1971,Regular Season,Kintetsu Buffaloes,57,"Manabe, Mikizo",C,1,0.875,6,1,1,0,0,61263841
1971,Regular Season,Hiroshima Toyo Carp,41,"Morioka, Shigeki",OF,6,1.000,7,0,0,0,,61263843
1971,Regular Season,Hiroshima Toyo Carp,29,"Oba, Susumu",P,23,1.000,2,7,0,0,,61363808
1971,Regular Season,Yakult Atoms,30,"Otsuka, Toru",OF,89,0.975,111,4,3,1,,61363820
1971,Regular Season,Hanshin Tigers,1,"Okura, Hidetaka",3B,75,0.929,40,91,10,12,,61363824
1971,Regular Season,Hanshin Tigers,1,"Okura, Hidetaka",SS,4,0.875,1,6,1,2,,61363824
1971,Regular Season,Yakult Atoms,33,"Kushiro, Yoshiaki",C,13,0.952,35,5,2,1,0,61363827
1971,Regular Season,Yakult Atoms,33,"Kushiro, Yoshiaki",OF,2,0.000,0,0,0,0,,61363827
1971,Regular Season,Hankyu Braves,10,"Kato, Hideji",1B,87,0.992,681,31,6,50,,61363828
1971,Regular Season,Hankyu Braves,10,"Kato, Hideji",OF,38,0.981,50,1,1,0,,61363828
1971,Regular Season,Hankyu Braves,12,"Okuma, Tadayoshi",OF,113,0.996,234,5,1,1,,61363829
1971,Regular Season,Kintetsu Buffaloes,18,"Ota, Koji",P,14,1.000,1,5,0,0,,61363841
1971,Regular Season,Toei Flyers,25,"Osawa, Tsutomu",C,16,1.000,21,4,0,1,1,61363843
1971,Regular Season,Toei Flyers,6,"Yaezawa, Kenichi",2B,2,1.000,0,1,0,0,,61463841
1971,Regular Season,Toei Flyers,6,"Yaezawa, Kenichi",3B,5,1.000,1,4,0,0,,61463841
1971,Regular Season,Taiyo Whales,21,"Kito, Hiroshi",P,33,0.929,9,30,3,2,,61563824
1971,Regular Season,Hiroshima Toyo Carp,19,"Oishi, Yataro",P,46,0.983,9,50,1,2,,61563825
1971,Regular Season,Chunichi Dragons,8,"Shimatani, Kinji",3B,129,0.967,112,353,16,28,,61563828
1971,Regular Season,Yomiuri Giants,5,"Kuroe, Yukinobu",2B,65,0.985,133,134,4,26,,61563829
1971,Regular Season,Yomiuri Giants,5,"Kuroe, Yukinobu",SS,67,0.925,72,126,16,32,,61563829
1971,Regular Season,Kintetsu Buffaloes,27,"Kanbe, Toshio",P,51,0.961,8,41,2,7,,61563841
1971,Regular Season,Nishitetsu Lions,31,"Komatsu, Tokio",OF,7,1.000,6,0,0,0,,61563843
1971,Regular Season,Chunichi Dragons,55,"Takeuchi, Hiroshi",OF,1,0.000,0,0,0,0,,61763822
1971,Regular Season,Nankai Hawks,33,"Takahashi, Satoshi",P,19,1.000,2,12,0,1,,61763826
1971,Regular Season,Nankai Hawks,4,"Jones, Clarence",1B,122,0.996,1103,71,5,95,,61763841
1971,Regular Season,Yomiuri Giants,22,"Shimano, Osamu",P,1,1.000,0,1,0,0,,61763843
1971,Regular Season,Nishitetsu Lions,17,"Hisano, Goji",1B,1,0.000,0,0,0,0,,61963822
1971,Regular Season,Nishitetsu Lions,17,"Hisano, Goji",P,1,0.000,0,0,0,0,,61963822
1971,Regular Season,Hiroshima Toyo Carp,51,"Nishimoto, Akikazu",3B,1,0.000,0,0,0,0,,61963824
1971,Regular Season,Hiroshima Toyo Carp,51,"Nishimoto, Akikazu",SS,1,1.000,3,0,0,0,,61963824
1971,Regular Season,Taiyo Whales,6,"Shigematsu, Shozo",OF,117,0.974,182,7,5,2,,61963825
1971,Regular Season,Toei Flyers,11,"Hagiwara, Chiaki",OF,39,1.000,75,4,0,1,,61963827
1971,Regular Season,Yakult Atoms,43,"Fukunaga, Eisuke",OF,1,0.000,0,0,0,0,,61963828
1971,Regular Season,Nankai Hawks,16,"Tanebe, Noriyasu",P,22,0.923,2,10,1,0,,61963829
1971,Regular Season,Yakult Atoms,44,"Nakamura, Kuniaki",1B,4,1.000,8,0,0,2,,61963841
1971,Regular Season,Yakult Atoms,44,"Nakamura, Kuniaki",2B,19,0.980,15,34,1,4,,61963841
1971,Regular Season,Yakult Atoms,44,"Nakamura, Kuniaki",3B,6,0.800,1,3,1,0,,61963841
1971,Regular Season,Yakult Atoms,44,"Nakamura, Kuniaki",OF,11,1.000,11,0,0,0,,61963841
1971,Regular Season,Nankai Hawks,24,"Tillotson, Thad",P,18,0.857,5,7,2,2,,61963843
1971,Regular Season,Nankai Hawks,22,"Minagawa, Mutsuo",P,25,0.963,4,22,1,2,,63163809
1971,Regular Season,Hanshin Tigers,26,"Yamamoto, Shigemasa",P,39,1.000,4,25,0,2,,63163825
1971,Regular Season,Nishitetsu Lions,29,"Boles, Carl",1B,33,0.990,284,18,3,25,,71073822
1971,Regular Season,Taiyo Whales,27,"Hiramatsu, Masaji",3B,1,0.000,0,0,0,0,,71073824
1971,Regular Season,Taiyo Whales,27,"Hiramatsu, Masaji",P,43,0.978,13,76,2,2,,71073824
1971,Regular Season,Chunichi Dragons,51,"Masaoka, Shinji",SS,33,0.987,27,51,1,5,,71073826
1971,Regular Season,Kintetsu Buffaloes,34,"Nishimura, Shunji",2B,5,1.000,2,5,0,2,,71073841
1971,Regular Season,Kintetsu Buffaloes,34,"Nishimura, Shunji",3B,13,1.000,0,8,0,0,,71073841
1971,Regular Season,Kintetsu Buffaloes,34,"Nishimura, Shunji",SS,11,0.960,9,15,1,1,,71073841
1971,Regular Season,Nishitetsu Lions,29,"Vidal, Jose",1B,3,1.000,13,1,0,2,,71073843
1971,Regular Season,Nishitetsu Lions,29,"Vidal, Jose",OF,35,0.984,59,3,1,0,,71073843
1971,Regular Season,Hankyu Braves,16,"Adachi, Mitsuhiro",P,43,0.988,10,70,1,9,,71173808
1971,Regular Season,Yakult Atoms,19,"Asano, Keishi",OF,2,0.000,0,0,0,0,,71173824
1971,Regular Season,Yakult Atoms,19,"Asano, Keishi",P,38,0.980,12,36,1,6,,71173824
1971,Regular Season,Hiroshima Toyo Carp,25,"Inoe, Hiroaki",3B,109,0.952,83,197,14,21,,71173826
1971,Regular Season,Yakult Atoms,3,"Arakawa, Takashi",3B,65,0.931,54,108,12,13,,71173843
1971,Regular Season,Yakult Atoms,3,"Arakawa, Takashi",OF,2,1.000,1,0,0,0,,71173843
1971,Regular Season,Hankyu Braves,15,"Mizutani, Takashi",P,4,1.000,0,1,0,0,,71273824
1971,Regular Season,Kintetsu Buffaloes,11,"Yamada, Katsukuni",OF,51,1.000,60,2,0,1,,71273827
1971,Regular Season,Hiroshima Toyo Carp,8,"Yamamoto, Koji",OF,123,1.000,280,4,0,3,,71273828
1971,Regular Season,Chunichi Dragons,56,"Hoshino, Hidetaka",P,8,1.000,0,5,0,1,,71273843
1971,Regular Season,Lotte Orions,12,"Eto, Shinichi",1B,103,0.986,838,53,13,66,,71373808
1971,Regular Season,Lotte Orions,12,"Eto, Shinichi",OF,12,1.000,13,0,0,0,,71373808
1971,Regular Season,Hanshin Tigers,36,"Eda, Shoji",3B,2,1.000,1,5,0,1,,71373820
1971,Regular Season,Hanshin Tigers,36,"Eda, Shoji",OF,1,0.000,0,0,0,0,,71373820
1971,Regular Season,Lotte Orions,32,"Iwasaki, Tadayoshi",1B,1,1.000,1,1,0,0,,71373824
1971,Regular Season,Lotte Orions,32,"Iwasaki, Tadayoshi",3B,1,1.000,0,2,0,0,,71373824
1971,Regular Season,Lotte Orions,32,"Iwasaki, Tadayoshi",OF,57,0.979,43,3,1,0,,71373824
1971,Regular Season,Nishitetsu Lions,44,"Ota, Takuji",OF,22,0.975,38,1,1,0,,71373828
1971,Regular Season,Nankai Hawks,39,"Umemura, Yoshihiko",C,1,1.000,2,0,0,0,1,71373841
1971,Regular Season,Yakult Atoms,50,"Uehara, Shuhei",OF,2,1.000,1,0,0,0,,71373843
1971,Regular Season,Nankai Hawks,34,"Miura, Kiyohiro",P,29,0.966,10,47,2,4,,71473804
1971,Regular Season,Yomiuri Giants,9,"Yoshida, Takashi",C,40,0.994,158,9,1,1,2,71473820
1971,Regular Season,Nishitetsu Lions,16,"Miwa, Satoru",P,39,1.000,10,26,0,1,,71473841
1971,Regular Season,Yakult Atoms,9,"Kido, Norifumi",1B,20,1.000,39,3,0,8,,71573804
1971,Regular Season,Yakult Atoms,9,"Kido, Norifumi",2B,1,1.000,1,1,0,0,,71573804
1971,Regular Season,Yakult Atoms,9,"Kido, Norifumi",3B,74,0.959,46,94,6,10,,71573804
1971,Regular Season,Yakult Atoms,9,"Kido, Norifumi",SS,3,1.000,1,0,0,0,,71573804
1971,Regular Season,Nankai Hawks,1,"Koba, Takeshi",1B,4,1.000,26,2,0,3,,71573806
1971,Regular Season,Nankai Hawks,1,"Koba, Takeshi",2B,1,0.000,0,0,0,0,,71573806
1971,Regular Season,Nankai Hawks,1,"Koba, Takeshi",OF,1,0.000,0,0,0,0,,71573806
1971,Regular Season,Hiroshima Toyo Carp,28,"Kinugasa, Sachio",1B,129,0.992,1118,71,9,86,,71573820
1971,Regular Season,Hiroshima Toyo Carp,28,"Kinugasa, Sachio",OF,8,1.000,13,0,0,0,,71573820
1971,Regular Season,Nankai Hawks,41,"Satomi, Susumu",C,1,0.000,0,0,0,0,0,71573827
1971,Regular Season,Nankai Hawks,41,"Satomi, Susumu",OF,1,0.000,0,0,0,0,,71573827
1971,Regular Season,Hanshin Tigers,3,"Goto, Kazuaki",1B,3,1.000,13,0,0,1,,71573828
1971,Regular Season,Hanshin Tigers,3,"Goto, Kazuaki",3B,80,0.963,45,135,7,13,,71573828
1971,Regular Season,Nankai Hawks,27,"Kadota, Hiromitsu",OF,129,0.986,261,15,4,4,,71573841
1971,Regular Season,Toei Flyers,8,"Christian, Bob",1B,1,1.000,1,0,0,1,,71573843
1971,Regular Season,Toei Flyers,8,"Christian, Bob",2B,2,1.000,2,0,0,0,,71573843
1971,Regular Season,Toei Flyers,8,"Christian, Bob",OF,123,0.984,235,12,4,2,,71573843
1971,Regular Season,Hiroshima Toyo Carp,7,"Yamamoto, Kazuyoshi",OF,85,0.992,128,1,1,0,,71673823
1971,Regular Season,Nishitetsu Lions,65,"Yanagida, Yutaka",1B,1,0.000,0,0,0,0,,71673841
1971,Regular Season,Nishitetsu Lions,65,"Yanagida, Yutaka",P,29,0.963,5,21,1,2,,71673841
1971,Regular Season,Toei Flyers,29,"Sakudo, Susumu",OF,7,0.929,13,0,1,0,,71773824
1971,Regular Season,Hanshin Tigers,25,"Takayama, Tadakatsu",OF,15,1.000,9,0,0,0,,71773827
1971,Regular Season,Hanshin Tigers,22,"Tabuchi, Koichi",1B,55,0.997,307,13,1,26,,71773828
1971,Regular Season,Hanshin Tigers,22,"Tabuchi, Koichi",C,1,1.000,1,0,0,0,0,71773828
1971,Regular Season,Hanshin Tigers,22,"Tabuchi, Koichi",OF,56,0.979,88,4,2,3,,71773828
1971,Regular Season,Nishitetsu Lions,66,"Sato, Kunimitsu",P,25,1.000,3,4,0,0,,71773841
1971,Regular Season,Lotte Orions,40,"Sato, Masao",1B,1,0.000,0,0,0,0,,71773843
1971,Regular Season,Lotte Orions,40,"Sato, Masao",P,13,0.667,0,2,1,1,,71773843
1971,Regular Season,Yakult Atoms,38,"Tojo, Fumihiro",2B,1,1.000,1,0,0,0,,71973820
1971,Regular Season,Yakult Atoms,38,"Tojo, Fumihiro",SS,125,0.976,203,322,13,87,,71973820
1971,Regular Season,Hankyu Braves,3,"Nagaike, Tokuji",OF,130,0.991,218,5,2,1,,71973822
1971,Regular Season,Lotte Orions,45,"Tokutsu, Takahiro",OF,15,0.857,5,1,1,0,,71973824
1971,Regular Season,Hankyu Braves,26,"Togin, Hidetaka",OF,27,1.000,4,0,0,0,,71973826
1971,Regular Season,Taiyo Whales,16,"Nomura, Osamu",P,35,0.921,5,30,3,0,,71973828
1971,Regular Season,Kintetsu Buffaloes,4,"Sekine, Tomo",2B,39,0.990,50,47,1,8,,71973829
1971,Regular Season,Kintetsu Buffaloes,4,"Sekine, Tomo",3B,27,0.971,11,22,1,1,,71973829
1971,Regular Season,Kintetsu Buffaloes,4,"Sekine, Tomo",SS,44,0.968,52,69,4,21,,71973829
1971,Regular Season,Chunichi Dragons,49,"Tsuboi, Shinzaburo",3B,1,0.000,0,0,0,0,,71973841
1971,Regular Season,Yomiuri Giants,20,"Sekimoto, Mitsuhiro",P,35,0.964,7,47,2,4,,71973843
1971,Regular Season,Taiyo Whales,31,"Furuta, Tadashi",3B,1,0.000,0,0,0,0,,81083820
1971,Regular Season,Taiyo Whales,31,"Furuta, Tadashi",OF,26,1.000,12,0,0,0,,81083820
1971,Regular Season,Toei Flyers,37,"Yoshida, Makoto",OF,30,1.000,25,0,0,0,,81083826
1971,Regular Season,Hiroshima Toyo Carp,39,"Mizunuma, Shiro",C,92,0.995,367,28,2,1,1,81083828
1971,Regular Season,Lotte Orions,14,"Hamaura, Toru",P,1,0.000,0,0,0,0,,81083843
1971,Regular Season,Toei Flyers,38,"Imai, Tsutomu",1B,1,1.000,3,0,0,1,,81183820
1971,Regular Season,Kintetsu Buffaloes,9,"Ise, Takao",1B,106,0.994,828,50,5,73,,81183824
1971,Regular Season,Kintetsu Buffaloes,9,"Ise, Takao",2B,3,0.000,0,0,1,0,,81183824
1971,Regular Season,Kintetsu Buffaloes,9,"Ise, Takao",3B,7,1.000,1,7,0,0,,81183824
1971,Regular Season,Hanshin Tigers,17,"Ito, Yukio",P,25,1.000,2,17,0,0,,81183825
1971,Regular Season,Taiyo Whales,8,"Ohashi, Isao",C,59,0.996,248,27,1,2,1,81183827
1971,Regular Season,Hanshin Tigers,16,"Ueda, Jiro",P,16,0.875,1,13,2,1,,81183841
1971,Regular Season,Kintetsu Buffaloes,32,"Ishiwata, Shigeru",3B,1,1.000,1,1,0,0,,81183843
1971,Regular Season,Kintetsu Buffaloes,32,"Ishiwata, Shigeru",OF,3,0.000,0,0,0,0,,81183843
1971,Regular Season,Kintetsu Buffaloes,32,"Ishiwata, Shigeru",SS,1,1.000,2,1,0,0,,81183843
1971,Regular Season,Yomiuri Giants,36,"Yanagida, Toshiro",OF,48,0.987,74,3,1,0,,81283824
1971,Regular Season,Yomiuri Giants,1,"Oh, Sadaharu",1B,130,0.993,1175,76,9,97,,81383808
1971,Regular Season,Hankyu Braves,23,"Okada, Yukiyoshi",C,41,0.989,84,8,1,1,2,81383820
1971,Regular Season,Taiyo Whales,7,"Osada, Yukio",OF,42,1.000,35,1,0,0,,81383823
1971,Regular Season,Toei Flyers,1,"Oshita, Tsuyoshi",2B,109,0.980,209,290,10,80,,81383824
1971,Regular Season,Toei Flyers,1,"Oshita, Tsuyoshi",SS,6,1.000,7,10,0,3,,81383824
1971,Regular Season,Hanshin Tigers,4,"Kawato, Kozo",OF,10,1.000,10,0,0,0,,81383826
1971,Regular Season,Hiroshima Toyo Carp,24,"Kubo, Shoji",C,44,1.000,130,16,0,5,2,81383827
1971,Regular Season,Toei Flyers,34,"Kaneda, Tomehiro",P,51,0.965,6,49,2,3,,81383828
1971,Regular Season,Chunichi Dragons,40,"Oshima, Yasunori",1B,8,1.000,59,3,0,2,,81383843
1971,Regular Season,Chunichi Dragons,40,"Oshima, Yasunori",OF,62,1.000,133,6,0,2,,81383843
1971,Regular Season,Yomiuri Giants,41,"Yazawa, Tadashi",C,1,0.000,0,0,0,0,0,81483841
1971,Regular Season,Yomiuri Giants,41,"Yazawa, Tadashi",OF,1,0.000,0,0,0,0,,81483841
1971,Regular Season,Taiyo Whales,28,"Werhas, Johnny",1B,1,0.000,0,0,0,0,,81483843
1971,Regular Season,Taiyo Whales,28,"Werhas, Johnny",3B,95,0.981,83,175,5,14,,81483843
1971,Regular Season,Taiyo Whales,28,"Werhas, Johnny",OF,1,0.000,0,0,0,0,,81483843
1971,Regular Season,Yakult Atoms,13,"Kawamura, Yasuhiko",OF,1,0.000,0,0,0,0,,81583808
1971,Regular Season,Yakult Atoms,13,"Kawamura, Yasuhiko",P,1,0.000,0,0,0,0,,81583808
1971,Regular Season,Yomiuri Giants,26,"Sugawara, Katsuya",P,25,0.952,2,18,1,0,,81583822
1971,Regular Season,Nankai Hawks,2,"Koike, Kenji",SS,88,0.970,128,225,11,52,,81583823
1971,Regular Season,Yakult Atoms,23,"Sunochi, Masao",OF,6,0.000,0,0,0,0,,81583826
1971,Regular Season,Yakult Atoms,23,"Sunochi, Masao",P,31,0.938,2,13,1,4,,81583826
1971,Regular Season,Toei Flyers,9,"Suzuki, Norio",C,53,0.975,104,11,3,1,1,81583827
1971,Regular Season,Hankyu Braves,13,"Shogaki, Hironori",OF,56,0.985,62,2,1,0,,81583828
1971,Regular Season,Hankyu Braves,31,"Kodama, Yoshihiro",P,40,1.000,1,36,0,3,,81583843
1971,Regular Season,Hanshin Tigers,19,"Fujii, Eiji",OF,65,1.000,96,2,0,0,,81683825
1971,Regular Season,Hiroshima Toyo Carp,12,"Tanaka, Takashi",C,62,0.987,202,18,3,5,2,81783804
1971,Regular Season,Chunichi Dragons,1,"Takagi, Morimichi",2B,113,0.986,267,293,8,75,,81783821
1971,Regular Season,Chunichi Dragons,1,"Takagi, Morimichi",OF,13,1.000,12,1,0,0,,81783821
1971,Regular Season,Hiroshima Toyo Carp,35,"Takeno, Mitsuhiro",3B,15,0.952,9,31,2,3,,81783822
1971,Regular Season,Hiroshima Toyo Carp,35,"Takeno, Mitsuhiro",OF,1,1.000,0,1,0,0,,81783822
1971,Regular Season,Hiroshima Toyo Carp,35,"Takeno, Mitsuhiro",SS,1,0.500,1,0,1,0,,81783822
1971,Regular Season,Taiyo Whales,58,"Takagaki, Yoshihiro",P,5,1.000,1,3,0,0,,81783824
1971,Regular Season,Nankai Hawks,29,"Takabatake, Michihiro",1B,2,0.857,6,0,1,0,,81783826
1971,Regular Season,Nankai Hawks,29,"Takabatake, Michihiro",OF,21,0.909,20,0,2,0,,81783826
1971,Regular Season,Nishitetsu Lions,11,"Nakai, Etsuo",P,17,0.667,2,0,1,0,,81783827
1971,Regular Season,Nishitetsu Lions,25,"Shimosuzaki, Shoichi",OF,15,1.000,14,0,0,0,,81783829
1971,Regular Season,Nankai Hawks,8,"Shimamoto, Kohei",1B,2,0.900,9,0,1,0,,81783843
1971,Regular Season,Yakult Atoms,8,"Maruyama, Kanji",OF,19,0.947,17,1,1,0,,81883825
1971,Regular Season,Yomiuri Giants,3,"Nagashima, Shigeo",3B,129,0.961,79,262,14,21,,81983806
1971,Regular Season,Yomiuri Giants,24,"Hirono, Isao",OF,46,0.985,65,0,1,0,,81983822
1971,Regular Season,Yakult Atoms,40,"Shinohara, Yoshiaki",2B,3,1.000,1,0,0,0,,81983825
1971,Regular Season,Yakult Atoms,40,"Shinohara, Yoshiaki",3B,2,1.000,0,3,0,0,,81983825
1971,Regular Season,Yakult Atoms,40,"Shinohara, Yoshiaki",OF,2,0.000,0,0,0,0,,81983825
1971,Regular Season,Yakult Atoms,40,"Shinohara, Yoshiaki",SS,16,0.935,12,17,2,4,,81983825
1971,Regular Season,Nankai Hawks,18,"Nishioka, Sanshiro",P,37,0.983,11,47,1,3,,81983826
1971,Regular Season,Toei Flyers,7,"Haku, Jinten",C,1,0.000,0,0,0,0,0,81983827
1971,Regular Season,Toei Flyers,7,"Haku, Jinten",OF,103,0.988,235,8,3,2,,81983827
1971,Regular Season,Hankyu Braves,40,"Fukumoto, Yutaka",OF,115,0.987,296,7,4,2,,81983828
1971,Regular Season,Nankai Hawks,17,"Nakayama, Koichi",P,4,1.000,0,3,0,0,,81983841
1971,Regular Season,Yakult Atoms,4,"Tatum, Jarvis",OF,27,0.947,34,2,2,1,,81983843
1971,Regular Season,Hankyu Braves,18,"Yoneda, Tetsuya",P,31,1.000,9,36,0,3,,83183802
1971,Regular Season,Yomiuri Giants,18,"Horiuchi, Tsuneo",P,40,0.939,14,48,4,3,,91093822
1971,Regular Season,Hanshin Tigers,30,"Hirayama, Hideo",P,3,1.000,1,2,0,0,,91093824
1971,Regular Season,Hanshin Tigers,13,"Suzuki, Kiyotake",P,24,0.944,3,14,1,0,,91093825
1971,Regular Season,Yakult Atoms,17,"Matsuoka, Hiromu",1B,1,0.000,0,0,0,0,,91093826
1971,Regular Season,Yakult Atoms,17,"Matsuoka, Hiromu",OF,7,0.000,0,0,0,0,,91093826
1971,Regular Season,Yakult Atoms,17,"Matsuoka, Hiromu",P,48,0.992,32,85,1,2,,91093826
1971,Regular Season,Toei Flyers,39,"Misawa, Kesaharu",OF,5,1.000,3,0,0,0,,91093827
1971,Regular Season,Nishitetsu Lions,34,"Norikae, Hisayoshi",P,3,0.000,0,0,0,0,,91093841
1971,Regular Season,Yomiuri Giants,40,"Niura, Hisao",P,19,0.944,1,16,1,1,,91093843
1971,Regular Season,Hiroshima Toyo Carp,20,"Akimoto, Yusaku",P,30,1.000,1,8,0,1,,91193802
1971,Regular Season,Lotte Orions,25,"Iishi, Reiji",OF,13,1.000,12,0,0,0,,91193820
1971,Regular Season,Chunichi Dragons,28,"Eto, Shozo",2B,20,0.963,35,44,3,14,,91193822
1971,Regular Season,Hanshin Tigers,9,"Ando, Moto",2B,34,0.955,69,57,6,5,,91193825
1971,Regular Season,Hanshin Tigers,9,"Ando, Moto",3B,2,0.667,2,0,1,0,,91193825
1971,Regular Season,Lotte Orions,8,"Arito, Michiyo",3B,125,0.945,112,297,24,31,,91193828
1971,Regular Season,Yakult Atoms,45,"Aizawa, Masaru",OF,13,0.000,0,0,0,0,,91193829
1971,Regular Season,Yakult Atoms,45,"Aizawa, Masaru",P,2,1.000,0,2,0,0,,91193829
1971,Regular Season,Yakult Atoms,26,"Ihara, Shinichiro",OF,3,0.000,0,0,0,0,,91193841
1971,Regular Season,Yakult Atoms,26,"Ihara, Shinichiro",P,8,1.000,1,4,0,0,,91193841
1971,Regular Season,Hiroshima Toyo Carp,33,"Arita, Tetsuzo",P,4,0.000,0,0,0,0,,91193843
1971,Regular Season,Hiroshima Toyo Carp,32,"Miyoshi, Yukio",P,22,1.000,2,11,0,0,,91293820
1971,Regular Season,Hiroshima Toyo Carp,2,"Miyagawa, Takao",OF,1,1.000,1,0,0,0,,91293821
1971,Regular Season,Lotte Orions,13,"Yokoyama, Kojiro",P,36,1.000,7,13,0,0,,91293822
1971,Regular Season,Nishitetsu Lions,10,"Murakami, Kimiyasu",C,84,0.986,293,51,5,9,6,91293824
1971,Regular Season,Lotte Orions,10,"Yamada, Masao",OF,1,0.000,0,0,0,0,,91293827
1971,Regular Season,Lotte Orions,10,"Yamada, Masao",P,4,1.000,1,2,0,0,,91293827
1971,Regular Season,Lotte Orions,31,"Yoshioka, Satoru",2B,4,1.000,3,1,0,1,,91293828
1971,Regular Season,Nankai Hawks,49,"Matsui, Masanori",3B,3,0.600,2,1,2,0,,91293843
1971,Regular Season,Lotte Orions,17,"Sato, Motohiko",1B,1,0.000,0,0,0,0,,91393822
1971,Regular Season,Lotte Orions,17,"Sato, Motohiko",OF,2,0.000,0,0,0,0,,91393822
1971,Regular Season,Lotte Orions,17,"Sato, Motohiko",P,24,0.947,4,14,1,2,,91393822
1971,Regular Season,Yakult Atoms,31,"Okumiya, Taneo",C,18,1.000,43,3,0,0,0,91393826
1971,Regular Season,Yakult Atoms,31,"Okumiya, Taneo",OF,1,0.000,0,0,0,0,,91393826
1971,Regular Season,Nishitetsu Lions,33,"Kikukawa, Shojiro",2B,3,1.000,1,1,0,1,,91393827
1971,Regular Season,Nishitetsu Lions,33,"Kikukawa, Shojiro",3B,20,1.000,10,24,0,1,,91393827
1971,Regular Season,Nishitetsu Lions,33,"Kikukawa, Shojiro",SS,53,0.941,43,69,7,17,,91393827
1971,Regular Season,Toei Flyers,3,"Ohashi, Yutaka",3B,2,1.000,2,2,0,0,,91393828
1971,Regular Season,Toei Flyers,3,"Ohashi, Yutaka",SS,111,0.956,176,279,21,55,,91393828
1971,Regular Season,Hankyu Braves,22,"Adair, Jerry",2B,75,0.982,124,145,5,31,,91393843
1971,Regular Season,Hankyu Braves,19,"Miwata, Katsutoshi",P,2,1.000,0,1,0,0,,91493841
1971,Regular Season,Yakult Atoms,10,"Yamashita, Keitoku",OF,14,1.000,9,1,0,0,,91493843
1971,Regular Season,Yomiuri Giants,17,"Kurata, Makoto",P,44,1.000,4,19,0,1,,91593820
1971,Regular Season,Hanshin Tigers,40,"Kuwano, Hakaru",1B,1,0.000,0,0,0,0,,91593826
1971,Regular Season,Hanshin Tigers,40,"Kuwano, Hakaru",OF,36,1.000,41,1,0,0,,91593826
1971,Regular Season,Lotte Orions,22,"Sakaki, Shinichi",1B,1,0.000,0,0,0,0,,91593828
1971,Regular Season,Lotte Orions,22,"Sakaki, Shinichi",C,9,1.000,13,0,0,0,3,91593828
1971,Regular Season,Lotte Orions,22,"Sakaki, Shinichi",OF,4,0.000,0,0,0,0,,91593828
1971,Regular Season,Hanshin Tigers,33,"Kusumoto, Hideo",OF,1,1.000,2,0,0,0,,91593843
1971,Regular Season,Nishitetsu Lions,57,"Yamamoto, Hideki",1B,2,0.000,0,0,0,0,,91693841
1971,Regular Season,Nishitetsu Lions,57,"Yamamoto, Hideki",P,11,1.000,1,6,0,0,,91693841
1971,Regular Season,Hankyu Braves,33,"Kajimoto, Takao",OF,1,0.000,0,0,0,0,,91793809
1971,Regular Season,Hankyu Braves,33,"Kajimoto, Takao",P,33,1.000,6,25,0,0,,91793809
1971,Regular Season,Toei Flyers,32,"Sakurai, Ken",3B,2,0.000,0,0,0,0,,91793824
1971,Regular Season,Toei Flyers,32,"Sakurai, Ken",P,8,1.000,1,1,0,0,,91793824
1971,Regular Season,Toei Flyers,21,"Takahashi, Naoki",2B,1,0.000,0,0,0,0,,91793828
1971,Regular Season,Toei Flyers,21,"Takahashi, Naoki",P,33,0.978,10,34,1,3,,91793828
1971,Regular Season,Kintetsu Buffaloes,36,"Sano, Katsutoshi",2B,51,0.985,88,103,3,23,,91793843
1971,Regular Season,Kintetsu Buffaloes,36,"Sano, Katsutoshi",SS,1,1.000,1,1,0,0,,91793843
1971,Regular Season,Hankyu Braves,39,"Nakazawa, Shinji",1B,4,0.000,0,0,0,0,,91993820
1971,Regular Season,Hankyu Braves,39,"Nakazawa, Shinji",2B,1,0.000,0,0,0,0,,91993820
1971,Regular Season,Hankyu Braves,39,"Nakazawa, Shinji",C,7,1.000,14,1,0,0,0,91993820
1971,Regular Season,Hankyu Braves,39,"Nakazawa, Shinji",OF,3,0.000,0,0,0,0,,91993820
1971,Regular Season,Hankyu Braves,57,"Saito, Katsuo",OF,3,0.000,0,0,0,0,,91993825
1971,Regular Season,Kintetsu Buffaloes,45,"Hattori, Toshikazu",3B,65,0.975,46,109,4,6,,91993828
1971,Regular Season,Kintetsu Buffaloes,45,"Hattori, Toshikazu",OF,37,1.000,39,0,0,0,,91993828
1971,Regular Season,Hiroshima Toyo Carp,34,"Sonoda, Toshihiko",2B,19,0.977,16,26,1,4,,91993829
1971,Regular Season,Hiroshima Toyo Carp,34,"Sonoda, Toshihiko",3B,6,0.667,1,5,3,0,,91993829
1971,Regular Season,Hankyu Braves,54,"Tanaka, Suekazu",3B,1,1.000,0,1,0,0,,91993843
